year,population,gdp_current_usd
1960,3031474234.0,1384857385930.819
1961,3072421801.0,1449220624663.5427
1962,3126849612.0,1550815493822.992
1963,3193428894.0,1671446748430.3972
1964,3260441925.0,1830491675385.5515
1965,3328209022.0,1994103484703.3083
1966,3398480280.0,2164118096871.418
1967,3468370526.0,2302576793880.1367
1968,3540164023.0,2484674455063.3584
1969,3614572835.0,2740499243838.1514
1970,3690209960.0,2997270495500.1016
1971,3767930001.0,3310475491926.639
1972,3843607574.0,3816822738898.9062
1973,3920017410.0,4657445187869.566
1974,3995888368.0,5366817636381.237
1975,4070022249.0,5977972780215.231
1976,4143091942.0,6498746015379.645
1977,4215826364.0,7349730997168.274
1978,4289795862.0,8690496944982.169
1979,4365742277.0,10053770929849.988
1980,4442348279.0,11337132638434.102
1981,4520917350.0,11728414403391.602
1982,4602701335.0,11610171959211.814
1983,4684875627.0,11840481044980.543
1984,4766640881.0,12311633033275.518
1985,4850076923.0,12897178603739.479
1986,4936006502.0,15252515336773.895
1987,5024289346.0,17372959408471.902
1988,5113387878.0,19394022898346.99
1989,5202582534.0,20266663642625.535
1990,5293395467.0,22861712031487.86
1991,5382536929.0,23834453957464.67
1992,5470164577.0,25484024569814.223
1993,5556623321.0,25905901713517.004
1994,5642046034.0,27899567789057.375
1995,5726736488.0,31051499245623.406
1996,5811580202.0,31745724938568.61
1997,5896055962.0,31629694547537.63
1998,5979726559.0,31552853706969.64
1999,6062288850.0,32752012211615.94
2000,6144321462.0,33845583188359.867
2001,6226348086.0,33631012546213.105
2002,6308140970.0,34925116624464.402
2003,6389462496.0,39161645364740.58
2004,6470924346.0,44133615904574.94
2005,6552700448.0,47793587715631.11
2006,6635110367.0,51791096256796.49
2007,6717878341.0,58361096784020.234
2008,6801710019.0,64135192896903.195
2009,6885849785.0,60817919586141.27
2010,6970038720.0,66619781549531.83
2011,7053994597.0,73881739609759.52
2012,7141487869.0,75525948524603.38
2013,7229731581.0,77635152493358.28
2014,7317970484.0,79756517210010.94
2015,7405277863.0,75215062596594.89
2016,7492156881.0,76486454870400.42
2017,7578220703.0,81442048665487.86
2018,7661776612.0,86502223934428.28
2019,7742682218.0,87728102156403.02
2020,7820963775.0,85215150558552.12
2021,7888161297.0,97307247163535.92
2022,7951149546.0,101002996559081.08
