1e-10*cumulative_total_surplus_loss_discounted_obj,aviation_carbon_budget_constraint,@1e-10*cumulative_total_surplus_loss_discounted_obj[0],@1e-10*cumulative_total_surplus_loss_discounted_obj[1],@1e-10*cumulative_total_surplus_loss_discounted_obj[2],@1e-10*cumulative_total_surplus_loss_discounted_obj[3],@1e-10*cumulative_total_surplus_loss_discounted_obj[4],@1e-10*cumulative_total_surplus_loss_discounted_obj[5],@1e-10*cumulative_total_surplus_loss_discounted_obj[6],@1e-10*cumulative_total_surplus_loss_discounted_obj[7],@1e-10*cumulative_total_surplus_loss_discounted_obj[8],@1e-10*cumulative_total_surplus_loss_discounted_obj[9],biomass_trajectory_constraint[0],biomass_trajectory_constraint[1],biomass_trajectory_constraint[2],biomass_trajectory_constraint[3],biomass_trajectory_constraint[4],blend_completeness_constraint[0],blend_completeness_constraint[1],blend_completeness_constraint[2],blend_completeness_constraint[3],blend_completeness_constraint[4],electricity_trajectory_constraint[0],electricity_trajectory_constraint[1],electricity_trajectory_constraint[2],electricity_trajectory_constraint[3],electricity_trajectory_constraint[4],electrofuel_use_growth_constraint[0],electrofuel_use_growth_constraint[1],electrofuel_use_growth_constraint[2],electrofuel_use_growth_constraint[3],electrofuel_use_growth_constraint[4],@aviation_carbon_budget_constraint[0],@aviation_carbon_budget_constraint[1],@aviation_carbon_budget_constraint[2],@aviation_carbon_budget_constraint[3],@aviation_carbon_budget_constraint[4],@aviation_carbon_budget_constraint[5],@aviation_carbon_budget_constraint[6],@aviation_carbon_budget_constraint[7],@aviation_carbon_budget_constraint[8],@aviation_carbon_budget_constraint[9],@biofuel_use_growth_constraint[0],@biofuel_use_growth_constraint[1],@biofuel_use_growth_constraint[2],@biofuel_use_growth_constraint[3],@biofuel_use_growth_constraint[4],@biofuel_use_growth_constraint[5],@biofuel_use_growth_constraint[6],@biofuel_use_growth_constraint[7],@biofuel_use_growth_constraint[8],@biofuel_use_growth_constraint[9],@biofuel_use_growth_constraint[10],@biofuel_use_growth_constraint[11],@biofuel_use_growth_constraint[12],@biofuel_use_growth_constraint[13],@biofuel_use_growth_constraint[14],@biofuel_use_growth_constraint[15],@biofuel_use_growth_constraint[16],@biofuel_use_growth_constraint[17],@biofuel_use_growth_constraint[18],@biofuel_use_growth_constraint[19],@biofuel_use_growth_constraint[20],@biofuel_use_growth_constraint[21],@biofuel_use_growth_constraint[22],@biofuel_use_growth_constraint[23],@biofuel_use_growth_constraint[24],@biofuel_use_growth_constraint[25],@biofuel_use_growth_constraint[26],@biofuel_use_growth_constraint[27],@biofuel_use_growth_constraint[28],@biofuel_use_growth_constraint[29],@biofuel_use_growth_constraint[30],@biofuel_use_growth_constraint[31],@biofuel_use_growth_constraint[32],@biofuel_use_growth_constraint[33],@biofuel_use_growth_constraint[34],@biofuel_use_growth_constraint[35],@biofuel_use_growth_constraint[36],@biofuel_use_growth_constraint[37],@biofuel_use_growth_constraint[38],@biofuel_use_growth_constraint[39],@biofuel_use_growth_constraint[40],@biofuel_use_growth_constraint[41],@biofuel_use_growth_constraint[42],@biofuel_use_growth_constraint[43],@biofuel_use_growth_constraint[44],@biofuel_use_growth_constraint[45],@biofuel_use_growth_constraint[46],@biofuel_use_growth_constraint[47],@biofuel_use_growth_constraint[48],@biofuel_use_growth_constraint[49],@biomass_trajectory_constraint[0],@biomass_trajectory_constraint[1],@biomass_trajectory_constraint[2],@biomass_trajectory_constraint[3],@biomass_trajectory_constraint[4],@biomass_trajectory_constraint[5],@biomass_trajectory_constraint[6],@biomass_trajectory_constraint[7],@biomass_trajectory_constraint[8],@biomass_trajectory_constraint[9],@biomass_trajectory_constraint[10],@biomass_trajectory_constraint[11],@biomass_trajectory_constraint[12],@biomass_trajectory_constraint[13],@biomass_trajectory_constraint[14],@biomass_trajectory_constraint[15],@biomass_trajectory_constraint[16],@biomass_trajectory_constraint[17],@biomass_trajectory_constraint[18],@biomass_trajectory_constraint[19],@biomass_trajectory_constraint[20],@biomass_trajectory_constraint[21],@biomass_trajectory_constraint[22],@biomass_trajectory_constraint[23],@biomass_trajectory_constraint[24],@biomass_trajectory_constraint[25],@biomass_trajectory_constraint[26],@biomass_trajectory_constraint[27],@biomass_trajectory_constraint[28],@biomass_trajectory_constraint[29],@biomass_trajectory_constraint[30],@biomass_trajectory_constraint[31],@biomass_trajectory_constraint[32],@biomass_trajectory_constraint[33],@biomass_trajectory_constraint[34],@biomass_trajectory_constraint[35],@biomass_trajectory_constraint[36],@biomass_trajectory_constraint[37],@biomass_trajectory_constraint[38],@biomass_trajectory_constraint[39],@biomass_trajectory_constraint[40],@biomass_trajectory_constraint[41],@biomass_trajectory_constraint[42],@biomass_trajectory_constraint[43],@biomass_trajectory_constraint[44],@biomass_trajectory_constraint[45],@biomass_trajectory_constraint[46],@biomass_trajectory_constraint[47],@biomass_trajectory_constraint[48],@biomass_trajectory_constraint[49],@blend_completeness_constraint[0],@blend_completeness_constraint[1],@blend_completeness_constraint[2],@blend_completeness_constraint[3],@blend_completeness_constraint[4],@blend_completeness_constraint[5],@blend_completeness_constraint[6],@blend_completeness_constraint[7],@blend_completeness_constraint[8],@blend_completeness_constraint[9],@blend_completeness_constraint[10],@blend_completeness_constraint[11],@blend_completeness_constraint[12],@blend_completeness_constraint[13],@blend_completeness_constraint[14],@blend_completeness_constraint[15],@blend_completeness_constraint[16],@blend_completeness_constraint[17],@blend_completeness_constraint[18],@blend_completeness_constraint[19],@blend_completeness_constraint[20],@blend_completeness_constraint[21],@blend_completeness_constraint[22],@blend_completeness_constraint[23],@blend_completeness_constraint[24],@blend_completeness_constraint[25],@blend_completeness_constraint[26],@blend_completeness_constraint[27],@blend_completeness_constraint[28],@blend_completeness_constraint[29],@blend_completeness_constraint[30],@blend_completeness_constraint[31],@blend_completeness_constraint[32],@blend_completeness_constraint[33],@blend_completeness_constraint[34],@blend_completeness_constraint[35],@blend_completeness_constraint[36],@blend_completeness_constraint[37],@blend_completeness_constraint[38],@blend_completeness_constraint[39],@blend_completeness_constraint[40],@blend_completeness_constraint[41],@blend_completeness_constraint[42],@blend_completeness_constraint[43],@blend_completeness_constraint[44],@blend_completeness_constraint[45],@blend_completeness_constraint[46],@blend_completeness_constraint[47],@blend_completeness_constraint[48],@blend_completeness_constraint[49],@electricity_trajectory_constraint[0],@electricity_trajectory_constraint[1],@electricity_trajectory_constraint[2],@electricity_trajectory_constraint[3],@electricity_trajectory_constraint[4],@electricity_trajectory_constraint[5],@electricity_trajectory_constraint[6],@electricity_trajectory_constraint[7],@electricity_trajectory_constraint[8],@electricity_trajectory_constraint[9],@electricity_trajectory_constraint[10],@electricity_trajectory_constraint[11],@electricity_trajectory_constraint[12],@electricity_trajectory_constraint[13],@electricity_trajectory_constraint[14],@electricity_trajectory_constraint[15],@electricity_trajectory_constraint[16],@electricity_trajectory_constraint[17],@electricity_trajectory_constraint[18],@electricity_trajectory_constraint[19],@electricity_trajectory_constraint[20],@electricity_trajectory_constraint[21],@electricity_trajectory_constraint[22],@electricity_trajectory_constraint[23],@electricity_trajectory_constraint[24],@electricity_trajectory_constraint[25],@electricity_trajectory_constraint[26],@electricity_trajectory_constraint[27],@electricity_trajectory_constraint[28],@electricity_trajectory_constraint[29],@electricity_trajectory_constraint[30],@electricity_trajectory_constraint[31],@electricity_trajectory_constraint[32],@electricity_trajectory_constraint[33],@electricity_trajectory_constraint[34],@electricity_trajectory_constraint[35],@electricity_trajectory_constraint[36],@electricity_trajectory_constraint[37],@electricity_trajectory_constraint[38],@electricity_trajectory_constraint[39],@electricity_trajectory_constraint[40],@electricity_trajectory_constraint[41],@electricity_trajectory_constraint[42],@electricity_trajectory_constraint[43],@electricity_trajectory_constraint[44],@electricity_trajectory_constraint[45],@electricity_trajectory_constraint[46],@electricity_trajectory_constraint[47],@electricity_trajectory_constraint[48],@electricity_trajectory_constraint[49],@electrofuel_use_growth_constraint[0],@electrofuel_use_growth_constraint[1],@electrofuel_use_growth_constraint[2],@electrofuel_use_growth_constraint[3],@electrofuel_use_growth_constraint[4],@electrofuel_use_growth_constraint[5],@electrofuel_use_growth_constraint[6],@electrofuel_use_growth_constraint[7],@electrofuel_use_growth_constraint[8],@electrofuel_use_growth_constraint[9],@electrofuel_use_growth_constraint[10],@electrofuel_use_growth_constraint[11],@electrofuel_use_growth_constraint[12],@electrofuel_use_growth_constraint[13],@electrofuel_use_growth_constraint[14],@electrofuel_use_growth_constraint[15],@electrofuel_use_growth_constraint[16],@electrofuel_use_growth_constraint[17],@electrofuel_use_growth_constraint[18],@electrofuel_use_growth_constraint[19],@electrofuel_use_growth_constraint[20],@electrofuel_use_growth_constraint[21],@electrofuel_use_growth_constraint[22],@electrofuel_use_growth_constraint[23],@electrofuel_use_growth_constraint[24],@electrofuel_use_growth_constraint[25],@electrofuel_use_growth_constraint[26],@electrofuel_use_growth_constraint[27],@electrofuel_use_growth_constraint[28],@electrofuel_use_growth_constraint[29],@electrofuel_use_growth_constraint[30],@electrofuel_use_growth_constraint[31],@electrofuel_use_growth_constraint[32],@electrofuel_use_growth_constraint[33],@electrofuel_use_growth_constraint[34],@electrofuel_use_growth_constraint[35],@electrofuel_use_growth_constraint[36],@electrofuel_use_growth_constraint[37],@electrofuel_use_growth_constraint[38],@electrofuel_use_growth_constraint[39],@electrofuel_use_growth_constraint[40],@electrofuel_use_growth_constraint[41],@electrofuel_use_growth_constraint[42],@electrofuel_use_growth_constraint[43],@electrofuel_use_growth_constraint[44],@electrofuel_use_growth_constraint[45],@electrofuel_use_growth_constraint[46],@electrofuel_use_growth_constraint[47],@electrofuel_use_growth_constraint[48],@electrofuel_use_growth_constraint[49],biofuel_use_growth_constraint[0],biofuel_use_growth_constraint[1],biofuel_use_growth_constraint[2],biofuel_use_growth_constraint[3],biofuel_use_growth_constraint[4],generic_electrofuel_mandate_share_values_optim[0],generic_electrofuel_mandate_share_values_optim[1],generic_electrofuel_mandate_share_values_optim[2],generic_electrofuel_mandate_share_values_optim[3],generic_electrofuel_mandate_share_values_optim[4],generic_biofuel_mandate_share_values_optim[0],generic_biofuel_mandate_share_values_optim[1],generic_biofuel_mandate_share_values_optim[2],generic_biofuel_mandate_share_values_optim[3],generic_biofuel_mandate_share_values_optim[4]
9.336131704393551,-0.3747396992754949,0.41262522110230293,0.29253399702611205,0.21192683163917536,0.1541210146172034,0.073829907520917,0.13117469599421838,0.1024647282577007,0.07756570497008397,0.05893111065802259,0.029901807252485924,-0.7059561313088648,-0.3774053437919498,6.97268937761919e-05,1.4560633454294703e-05,-4.2122258250429926e-05,-0.9115000000000001,-0.7298,-0.43920000000000003,-0.17069999999999994,-0.0064000000000000055,-0.9801093978136004,-0.822932495393909,-0.6373342051349807,-0.21516857448553708,-0.00013204218170770332,-0.9402762443350464,-0.32289146770396393,-0.00012946828468613351,0.0003984155821556057,-4.394668065295434,-0.001770953661495156,-0.0020456096261334267,-0.001936031390759041,-0.0018122426337363606,-0.001079135558690325,-0.0019446729782046646,-0.001820206541047753,-0.001645827252261256,-0.0015130109942695924,-0.0008897164116561385,-0.005873633151468743,0.0,0.0,0.0,0.0,0.11750569017853277,0.0,0.0,0.0,0.0,0.014615478909595081,-0.011957412039687032,0.0,0.0,0.0,-0.2923917589376171,0.11294087911770112,0.0,0.0,0.0,0.0,0.029753868036053177,-0.0178506451842253,0.0,0.0,0.0,-0.28103304816617936,0.10553717322281386,0.0,0.0,0.0,0.0,0.04441811718436384,-0.014647760337993532,0.0,0.0,0.0,-0.2626102588720869,0.10158053864728345,0.0,0.0,0.0,0.0,0.036448312812353834,-0.012455810605160877,0.0,0.0,0.0,-0.25276488546666087,0.10380438375534595,-0.0017316309497417137,0.0,0.0,0.0,0.0,0.03464235798222859,0.0,0.0,0.0,0.0,0.0,-0.0029919724475746534,0.0,0.0,0.0,0.0,0.028259963147370115,0.0,0.0,0.0,0.0,0.0,-0.003879707008986439,0.0,0.0,0.0,0.0,0.02293772837447738,0.0,0.0,0.0,0.0,0.0,-0.0031197835426155507,0.0,0.0,0.0,0.0,0.021635343045999737,0.0,0.0,0.0,0.0,0.0,-0.0026008062548014293,0.0,0.0,0.0,0.0,0.021674631938141637,0.010000000050247593,0.0,0.0,0.0,0.0,0.010000000050247593,0.0,0.0,0.0,0.0,0.0,0.010000000050247593,0.0,0.0,0.0,0.0,0.010000000050247593,0.0,0.0,0.0,0.0,0.0,0.009999999994736442,0.0,0.0,0.0,0.0,0.009999999994736442,0.0,0.0,0.0,0.0,0.0,0.009999999966980866,0.0,0.0,0.0,0.0,0.009999999966980866,0.0,0.0,0.0,0.0,0.0,0.009999999974787122,0.0,0.0,0.0,0.0,0.009999999974787122,0.03966406803002087,0.0,0.0,0.0,0.0,-3.872513421043777e-05,0.0,0.0,0.0,0.0,0.0,0.029783591593002257,0.0,0.0,0.0,0.0,-0.0002993060244094181,0.0,0.0,0.0,0.0,0.0,0.02272252164203792,0.0,0.0,0.0,0.0,-0.0005165837757559189,0.0,0.0,0.0,0.0,0.0,0.01761368423336407,0.0,0.0,0.0,0.0,-0.0009345856588627299,0.0,0.0,0.0,0.0,0.0,0.015444328340660307,0.0,0.0,0.0,0.0,-0.0010774414249789706,0.11909579611391052,0.0,0.0,0.0,0.0,-0.00011627665497115913,0.0,0.0,0.0,0.0,0.0,0.11389285714535902,0.0,0.0,0.0,0.0,-0.0011445503989016004,0.0,0.0,0.0,0.0,-0.28340187422452845,0.10555555093666111,0.0,0.0,0.0,0.002848007763650573,-0.0023997447319763256,0.0,0.0,0.0,0.0,-0.2626559891525434,0.09409194975842483,0.0,0.0,0.0,0.005971332153568987,-0.004992538659017668,0.0,0.0,0.0,0.0,-0.23413088001689175,0.09326126715336613,0.0,0.0,0.0,0.012423035045117103,-0.0065061787068998456,-0.002613280395275138,0.0063808138537605535,-1.5900826009949725,-6.754443965521336,-6.894122785916726,0.5,5.78,15.03,39.12,55.41,8.35,21.24,41.05,43.81,43.95
9.06437315402428,-0.37267997798624736,0.4136315556735326,0.2928299807081203,0.21206347078361887,0.1542549750155331,0.0738666017241485,0.1314971935784115,0.10256709614964166,0.07761582132559397,0.05898217914079851,0.029916552790609785,-0.7069804578409504,-0.3811617060831631,-0.001454065734734371,-0.0004367789012540868,-0.0004983072315170034,-0.9161699456164524,-0.7314843995788314,-0.440837717793635,-0.17359171190164716,-0.007437317147734035,-0.9966764056040192,-0.8238500055594064,-0.6391857868133883,-0.21925113770373797,-0.0012403159133043574,-0.9900205364435437,-0.3264000389825625,-3.860584026063312e-07,-7.604977155750686e-06,-4.347092726508432,-0.0017785435901807034,-0.00204924632818404,-0.001938332438999879,-0.0018147895963771532,-0.0010799763305868737,-0.0019496591008305586,-0.0018222877651297154,-0.0016471307096033172,-0.001514515735046018,-0.0008902208969985281,-0.0058722376961029,0.0,0.0,0.0,0.0,0.11781183724239586,0.0,0.0,0.0,0.0,0.0146120063284281,-0.011891242680508852,0.0,0.0,0.0,-0.29315355097731793,0.11300926646853879,0.0,0.0,0.0,0.0,0.029589217076519958,-0.017833992060900528,0.0,0.0,0.0,-0.2812032178223234,0.10559237817453493,0.0,0.0,0.0,0.0,0.04437667922019273,-0.014657604907597488,0.0,0.0,0.0,-0.26274762721101297,0.1016622483973606,0.0,0.0,0.0,0.0,0.03647281232588284,-0.012454109743487152,0.0,0.0,0.0,-0.25296820371778495,0.10382953075094292,-0.0017312197231333926,0.0,0.0,0.0,0.0,0.03473261434017161,0.0,0.0,0.0,0.0,0.0,-0.0029754161912087795,0.0,0.0,0.0,0.0,0.028277074626270604,0.0,0.0,0.0,0.0,0.0,-0.003876087646377882,0.0,0.0,0.0,0.0,0.022949727025451533,0.0,0.0,0.0,0.0,0.0,-0.0031218804963568415,0.0,0.0,0.0,0.0,0.021652745658691085,0.0,0.0,0.0,0.0,0.0,-0.002600451125592783,0.0,0.0,0.0,0.0,0.021679882564748856,0.00999999993922529,0.0,0.0,0.0,0.0,0.00999999993922529,0.0,0.0,0.0,0.0,0.0,0.00999999993922529,0.0,0.0,0.0,0.0,0.00999999993922529,0.0,0.0,0.0,0.0,0.0,0.00999999993922529,0.0,0.0,0.0,0.0,0.00999999993922529,0.0,0.0,0.0,0.0,0.0,0.009999999966980866,0.0,0.0,0.0,0.0,0.009999999966980866,0.0,0.0,0.0,0.0,0.0,0.009999999974787122,0.0,0.0,0.0,0.0,0.009999999974787122,0.03986337426820086,0.0,0.0,0.0,0.0,-6.491807091890678e-06,0.0,0.0,0.0,0.0,0.0,0.02979937230307428,0.0,0.0,0.0,0.0,-0.0002979048119300387,0.0,0.0,0.0,0.0,0.0,0.022739444549557675,0.0,0.0,0.0,0.0,-0.0005142501979804592,0.0,0.0,0.0,0.0,0.0,0.01763968199286481,0.0,0.0,0.0,0.0,-0.0009307692117044297,0.0,0.0,0.0,0.0,0.0,0.015450427781572504,0.0,0.0,0.0,0.0,-0.001076591189461129,0.11969423574509364,0.0,0.0,0.0,0.0,-1.9492185643343873e-05,0.0,0.0,0.0,0.0,0.0,0.11395320304030676,0.0,0.0,0.0,0.0,-0.001139192129517852,0.0,0.0,0.0,0.0,-0.2835520343029399,0.10563416354805519,0.0,0.0,0.0,0.0028346745963247415,-0.0023889057708602356,0.0,0.0,0.0,0.0,-0.2628516019029411,0.0942308285776607,0.0,0.0,0.0,0.005944361628217765,-0.004972149212949626,0.0,0.0,0.0,0.0,-0.23447645602914235,0.0932980999124311,0.0,0.0,0.0,0.012372297852891734,-0.006501045035633979,-0.006087760866254951,1.4139705029580576e-05,-1.5597382263052988,-6.739117409573617,-6.891034569436463,0.08333358771813026,5.74783634046955,14.94671860503422,38.88549471414166,55.33617009247908,8.299671850636628,21.1037237016473,40.96950961560228,43.75533409569363,43.92009819274752
8.873877019265423,,0.41392767968773114,0.2930722544647324,0.2122779676483333,0.154464002477539,0.07392374890002884,0.1315929267775573,0.10265197758485556,0.07769448906458365,0.059061859403186645,0.029939508650045354,,,,,,,,,,,,,,,,,,,,,,,,,,,,,,,,,,,,,,,,,,,,,,,,,,,,,,,,,,,,,,,,,,,,,,,,,,,,,,,,,,,,,,,,,,,,,,,,,,,,,,,,,,,,,,,,,,,,,,,,,,,,,,,,,,,,,,,,,,,,,,,,,,,,,,,,,,,,,,,,,,,,,,,,,,,,,,,,,,,,,,,,,,,,,,,,,,,,,,,,,,,,,,,,,,,,,,,,,,,,,,,,,,,,,,,,,,,,,,,,,,,,,,,,,,,,,,,,,,,,,,,,,,,,,,,,,,,,,,,,,,,,,,1e-05,5.6976772284378745,14.814892649492094,38.52125682724302,55.221319572372686,8.216550911376169,20.893473088267903,40.844354229875904,43.67019020183576,43.87358283191708
,-0.37046494853957956,,,,,,,,,,,-0.709724993778039,-0.3869611616505533,-0.003816926181235658,-0.0011438334652842741,-0.0012083134868612433,-0.9178343908862384,-0.7340884968329422,-0.44340753120632004,-0.17808552970921226,-0.00905097595710231,-0.999999600908602,-0.8252829265348215,-0.6421210703598882,-0.22560455843794372,-0.0029653036475534122,-0.9999988016834825,-0.3318795481698886,-1.224872816761822e-06,-1.768794068407289e-05,-4.273055942586439,-0.0017814349440037347,-0.0020528745925396663,-0.0019419413854748768,-0.0018187647499168236,-0.0010812864492670826,-0.0019513547999672198,-0.0018242474197904812,-0.001649175795925828,-0.0015168634681650417,-0.0008910067128553578,-0.005822080510406447,0.0,0.0,0.0,0.0,0.11790687378700204,0.0,0.0,0.0,0.0,0.014487199087616953,-0.011788986531128942,0.0,0.0,0.0,-0.293390032458567,0.11311521546158812,0.0,0.0,0.0,0.0,0.029334770390576637,-0.017808387875462017,0.0,0.0,0.0,-0.2814668531581077,0.1056792287013053,0.0,0.0,0.0,0.0,0.04431296751761238,-0.014672840720209024,0.0,0.0,0.0,-0.262963737895916,0.10178953591122308,0.0,0.0,0.0,0.0,0.0365107224453709,-0.012451455866369088,0.0,0.0,0.0,-0.2532849379122126,0.10386867899114804,-0.0017164325516461076,0.0,0.0,0.0,0.0,0.034760632705577166,0.0,0.0,0.0,0.0,0.0,-0.002949829491782907,0.0,0.0,0.0,0.0,0.028303585475342175,0.0,0.0,0.0,0.0,0.0,-0.003870522249493219,0.0,0.0,0.0,0.0,0.022968603872151883,0.0,0.0,0.0,0.0,0.0,-0.0031251252607857744,0.0,0.0,0.0,0.0,0.021679856558858707,0.0,0.0,0.0,0.0,0.0,-0.002599897470706089,0.0,0.0,0.0,0.0,0.021688056648337672,0.010000000161269895,0.0,0.0,0.0,0.0,0.010000000161269895,0.0,0.0,0.0,0.0,0.0,0.00999999993922529,0.0,0.0,0.0,0.0,0.00999999993922529,0.0,0.0,0.0,0.0,0.0,0.009999999994736442,0.0,0.0,0.0,0.0,0.009999999994736442,0.0,0.0,0.0,0.0,0.0,0.009999999966980866,0.0,0.0,0.0,0.0,0.009999999966980866,0.0,0.0,0.0,0.0,0.0,0.009999999975654483,0.0,0.0,0.0,0.0,0.009999999975654483,0.039909137217186696,0.0,0.0,0.0,0.0,-8.881784197001252e-10,0.0,0.0,0.0,0.0,0.0,0.029823907787829285,0.0,0.0,0.0,0.0,-0.0002957118994117991,0.0,0.0,0.0,0.0,0.0,0.022766215024283554,0.0,0.0,0.0,0.0,-0.0005105422751228161,0.0,0.0,0.0,0.0,0.0,0.01768021390402552,0.0,0.0,0.0,0.0,-0.0009248080357071586,0.0,0.0,0.0,0.0,0.0,0.015459925322130336,0.0,0.0,0.0,0.0,-0.0010752665958145557,0.1198316439410263,0.0,0.0,0.0,0.0,-2.4424906541753444e-09,0.0,0.0,0.0,0.0,0.0,0.1140470265448279,0.0,0.0,0.0,0.0,-0.0011308058933678922,0.0,0.0,0.0,0.0,-0.28378549712484624,0.10575852356548059,0.0,0.0,0.0,0.0028138069955666325,-0.0023716821541241574,0.0,0.0,0.0,0.0,-0.2631610489630422,0.09444734774072885,0.0,0.0,0.0,0.0059015046249593014,-0.004940306907934657,0.0,0.0,0.0,0.0,-0.23501522417035403,0.09335545314570481,0.0,0.0,0.0,0.012293065232427125,-0.00649304432442932,-0.015397132647405025,1.3246378353505538e-06,-1.5129367532396043,-6.71538511791042,-6.8861744476491085,9.999999999996123e-06,5.6976772284378745,14.814892649492094,38.52125682724302,55.221319572372686,8.216550911376169,20.893473088267903,40.844354229875904,43.67019020183576,43.87358283191708
8.2025580610548,-0.3615615352836031,0.41438092779344515,0.29397912726381037,0.2132062437709692,0.15536963537954307,0.07417068559334439,0.13174254753778314,0.1029710272604234,0.07803499180170093,0.05940725777975331,0.030038757259376325,-0.7216191922061685,-0.4121286646365234,-0.014003687084900917,-0.0042006353906973,-0.004264809868366939,-0.9212538523675939,-0.74534223870215,-0.45445904529216,-0.1974084555717509,-0.015986121254043438,-0.9999996006416215,-0.8314700039878778,-0.6547988296791921,-0.2530961310447705,-0.010392073257440302,-0.9999988008818439,-0.35553901603050186,-2.2355022799526974e-05,-0.00033135293311870815,-3.9524695606105076,-0.0017880159020045028,-0.002067274296191357,-0.0019575907006519344,-0.0018360314935073063,-0.001086953638207433,-0.001954703399142943,-0.0018319026851010278,-0.0016580355977069416,-0.0015270480990814406,-0.0008944044949110719,-0.005588262866340621,0.0,0.0,0.0,0.0,0.11806433739686151,0.0,0.0,0.0,0.0,0.013905385893496448,-0.011343133186344579,0.0,0.0,0.0,-0.2937818521557502,0.11357527829509735,0.0,0.0,0.0,0.0,0.028225345172216976,-0.017697206144973165,0.0,0.0,0.0,-0.28261163653731103,0.10605466926882912,0.0,0.0,0.0,0.0,0.044036311486195245,-0.014738479769960122,0.0,0.0,0.0,-0.26389795504400126,0.10234133185349492,0.0,0.0,0.0,0.0,0.03667405401586166,-0.012439944185871354,0.0,0.0,0.0,-0.25465798270118967,0.10403733696762174,-0.0016474999142701563,0.0,0.0,0.0,0.0,0.03480705501601733,0.0,0.0,0.0,0.0,0.0,-0.002838268398086541,0.0,0.0,0.0,0.0,0.028418702058274903,0.0,0.0,0.0,0.0,0.0,-0.003846357260472999,0.0,0.0,0.0,0.0,0.02305020316804851,0.0,0.0,0.0,0.0,0.0,-0.003139105757450633,0.0,0.0,0.0,0.0,0.02179738189077296,0.0,0.0,0.0,0.0,0.0,-0.0025974937045009083,0.0,0.0,0.0,0.0,0.02172327313604977,0.00999999993922529,0.0,0.0,0.0,0.0,0.00999999993922529,0.0,0.0,0.0,0.0,0.0,0.00999999993922529,0.0,0.0,0.0,0.0,0.00999999993922529,0.0,0.0,0.0,0.0,0.0,0.010000000050247593,0.0,0.0,0.0,0.0,0.009999999994736442,0.0,0.0,0.0,0.0,0.0,0.009999999966980866,0.0,0.0,0.0,0.0,0.009999999966980866,0.0,0.0,0.0,0.0,0.0,0.00999999997391976,0.0,0.0,0.0,0.0,0.00999999997391976,0.03993583519434907,0.0,0.0,0.0,0.0,-8.881784197001252e-10,0.0,0.0,0.0,0.0,0.0,0.029930241951525716,0.0,0.0,0.0,0.0,-0.0002862020620497674,0.0,0.0,0.0,0.0,0.0,0.022882107653110495,0.0,0.0,0.0,0.0,-0.0004944379350391159,0.0,0.0,0.0,0.0,0.0,0.01785655218133897,0.0,0.0,0.0,0.0,-0.000898718044428648,0.0,0.0,0.0,0.0,0.0,0.015500879867874628,0.0,0.0,0.0,0.0,-0.001069543174511689,0.11991180770554166,0.0,0.0,0.0,0.0,-2.4424906541753444e-09,0.0,0.0,0.0,0.0,0.0,0.11445365033502242,0.0,0.0,0.0,0.0,-0.0010944406492185976,0.0,0.0,0.0,0.0,-0.2847973073290756,0.10629689265251722,0.0,0.0,0.0,0.0027233185346396587,-0.0022968705474702583,0.0,0.0,0.0,0.0,-0.26450068356219253,0.0953893451924575,0.0,0.0,0.0,0.005715349368578225,-0.004800933187728163,0.0,0.0,0.0,0.0,-0.2373592149496062,0.09360275843306454,0.0,0.0,0.0,0.011946259537154447,-0.006458486634386418,-0.05574184586295653,-0.0001899873782401827,-1.309526467670409,-6.613110632161056,-6.86510015313581,1.0000000001548714e-05,5.481735514230272,14.247595085828204,36.95521820809899,54.72771704091418,7.874604763240594,19.984040615554726,40.3065003849558,43.30393623472592,43.67367083368147
4.778576681784494,-0.3158545836795932,0.4166867926258533,0.29863850770084355,0.21801623528716618,0.16009964021179712,0.07544156499506016,0.13250364983008467,0.10461038879583384,0.07979940797042673,0.061210784885190606,0.030549444751670762,-0.7818388965962885,-0.5404922251760604,-0.06602886928740631,-0.01993705720394331,-0.019751011888648123,-0.9384965868982519,-0.801926071233675,-0.5101267735797405,-0.2945236059435979,-0.05083865793054429,-0.9999995992891658,-0.863225878402898,-0.7199701837590635,-0.39572354384086283,-0.04804202876741414,-0.9999987968209443,-0.4769739092675179,-0.0006014873093057217,-0.008910228947427256,-2.2839376602321817,-0.0018216244068725018,-0.0021417713158555785,-0.002039435342826579,-0.0019273098672556443,-0.0011163318602847028,-0.0019717756871706626,-0.001871380217455254,-0.0017041663080696878,-0.0015805628472698174,-0.0009119537347501705,-0.0043982245623297445,0.0,0.0,0.0,0.0,0.11886385403725441,0.0,0.0,0.0,0.0,0.01094419022594495,-0.00901861812573762,0.0,0.0,0.0,-0.29577130548560926,0.11594732906433647,0.0,0.0,0.0,0.0,0.022441208447077088,-0.017108438776780588,0.0,0.0,0.0,-0.2885140575337175,0.10799449357001834,0.0,0.0,0.0,0.0,0.042571270952862506,-0.015071835335334072,0.0,0.0,0.0,-0.26872485747730934,0.10522944560165115,0.0,0.0,0.0,0.0,0.037503550487372195,-0.012379351765900992,0.0,0.0,0.0,-0.2618445336111108,0.10489519564060856,-0.0012966597795482926,0.0,0.0,0.0,0.0,0.03504276380184024,0.0,0.0,0.0,0.0,0.0,-0.0022566302160242913,0.0,0.0,0.0,0.0,0.02901223450368917,0.0,0.0,0.0,0.0,0.0,-0.00371839348201064,0.0,0.0,0.0,0.0,0.023471809385000597,0.0,0.0,0.0,0.0,0.0,-0.003210105747192271,0.0,0.0,0.0,0.0,0.02241251351522977,0.0,0.0,0.0,0.0,0.0,-0.002584841639341473,0.0,0.0,0.0,0.0,0.021902396271644697,0.010000000050247593,0.0,0.0,0.0,0.0,0.010000000050247593,0.0,0.0,0.0,0.0,0.0,0.010000000050247593,0.0,0.0,0.0,0.0,0.010000000050247593,0.0,0.0,0.0,0.0,0.0,0.010000000050247593,0.0,0.0,0.0,0.0,0.010000000050247593,0.0,0.0,0.0,0.0,0.0,0.009999999994736442,0.0,0.0,0.0,0.0,0.009999999994736442,0.0,0.0,0.0,0.0,0.0,0.009999999980858654,0.0,0.0,0.0,0.0,0.009999999980858654,0.04007108089787437,0.0,0.0,0.0,0.0,-6.661338147750939e-10,0.0,0.0,0.0,0.0,0.0,0.030478707668812888,0.0,0.0,0.0,0.0,-0.00023626300915680076,0.0,0.0,0.0,0.0,0.0,0.023484900468773162,0.0,0.0,0.0,0.0,-0.00040934677869586267,0.0,0.0,0.0,0.0,0.0,0.018796265377485355,0.0,0.0,0.0,0.0,-0.0007554844527746241,0.0,0.0,0.0,0.0,0.0,0.01571005611711307,0.0,0.0,0.0,0.0,-0.0010400158581558294,0.12031789775601709,0.0,0.0,0.0,0.0,-2.3314683517128287e-09,0.0,0.0,0.0,0.0,0.0,0.11655098969276523,0.0,0.0,0.0,0.0,-0.0009034732961765712,0.0,0.0,0.0,0.0,-0.2900161587523001,0.10909711528693089,0.0,0.0,0.0,0.002248130684975695,-0.0019015863467197747,0.0,0.0,0.0,0.0,-0.2714685338363332,0.10040927322929605,0.0,0.0,0.0,0.004731755412837324,-0.004035784411521304,0.0,0.0,0.0,0.0,-0.24985040303349138,0.09486587693174897,0.0,0.0,0.0,0.01004232341728084,-0.0062801821520963585,-0.2600050181747819,-0.004922529957514567,-0.2723760756384711,-6.091367331122459,-6.755418825037039,1e-05,4.3907658983466735,11.383429786325877,29.08598849862673,52.24711737090159,6.150331310174817,15.41662697828583,37.60389285570008,41.461650907013485,42.66901683604399
3.105411587312485,-0.29360481158152135,0.41756392210601234,0.30070666490189524,0.2205975766500501,0.16260540736112716,0.07609681995646156,0.13279396959831047,0.10533925776101682,0.08074669155533343,0.062165887104725925,0.030812683071701485,-0.802833288710826,-0.5837799811698,-0.10016451342997953,-0.028239865854193198,-0.02760610300884423,-0.9444806304427467,-0.8228750626358284,-0.5419167428914182,-0.34303129751842193,-0.06833615661519132,-0.9999995988173679,-0.8802316335788156,-0.754776642963298,-0.4697610975862053,-0.06715279574497827,-0.9999987954043181,-0.5420041470495427,-0.0004759044047202596,-0.0020797626969217163,-1.4151905682051922,-0.0018340605700828405,-0.002173864366294964,-0.002084072303620843,-0.0019765045156106,-0.0011316206305345133,-0.0019781648541439267,-0.0018885892849596075,-0.0017291662546270459,-0.0016091532550888132,-0.0009210454066099771,-0.00398089722297712,0.0,0.0,0.0,0.0,0.11914348463371027,0.0,0.0,0.0,0.0,0.00990574619400865,-0.008226491929287302,0.0,0.0,0.0,-0.2964671157235956,0.11687599058994494,0.0,0.0,0.0,0.0,0.020470144076112015,-0.016669861982541306,0.0,0.0,0.0,-0.29082486511589417,0.10912770713965812,0.0,0.0,0.0,0.0,0.04147995102954383,-0.015236808259544432,0.0,0.0,0.0,-0.2715446560941359,0.10674737715987703,0.0,0.0,0.0,0.0,0.037914055894816556,-0.0123471615154358,0.0,0.0,0.0,-0.26562163224497226,0.10533243877119958,-0.0011736253080485426,0.0,0.0,0.0,0.0,0.035125203190489174,0.0,0.0,0.0,0.0,0.0,-0.002058425430107036,0.0,0.0,0.0,0.0,0.029244603294564797,0.0,0.0,0.0,0.0,0.0,-0.003623072050706888,0.0,0.0,0.0,0.0,0.023718104674719243,0.0,0.0,0.0,0.0,0.0,-0.0032452430777374364,0.0,0.0,0.0,0.0,0.022735812735957817,0.0,0.0,0.0,0.0,0.0,-0.0025781201860863856,0.0,0.0,0.0,0.0,0.021993693623267863,0.010000000161269895,0.0,0.0,0.0,0.0,0.010000000161269895,0.0,0.0,0.0,0.0,0.0,0.010000000050247593,0.0,0.0,0.0,0.0,0.010000000050247593,0.0,0.0,0.0,0.0,0.0,0.00999999993922529,0.0,0.0,0.0,0.0,0.00999999993922529,0.0,0.0,0.0,0.0,0.0,0.009999999994736442,0.0,0.0,0.0,0.0,0.009999999994736442,0.0,0.0,0.0,0.0,0.0,0.009999999966980866,0.0,0.0,0.0,0.0,0.009999999966980866,0.04011826071348423,0.0,0.0,0.0,0.0,-6.661338147750939e-10,0.0,0.0,0.0,0.0,0.0,0.030728072974994802,0.0,0.0,0.0,0.0,-0.00020834300951122486,0.0,0.0,0.0,0.0,0.0,0.02382169272951984,0.0,0.0,0.0,0.0,-0.0003625275635243952,0.0,0.0,0.0,0.0,0.0,0.01930069593036876,0.0,0.0,0.0,0.0,-0.0006759028892133756,0.0,0.0,0.0,0.0,0.0,0.015817226708958465,0.0,0.0,0.0,0.0,-0.001024698548235392,0.12045956021555781,0.0,0.0,0.0,0.0,-2.3314683517128287e-09,0.0,0.0,0.0,0.0,0.0,0.11750456674342047,0.0,0.0,0.0,0.0,-0.0007967063675451413,0.0,0.0,0.0,0.0,-0.2923889636931667,0.1106616555713127,0.0,0.0,0.0,0.0019824600958778284,-0.0016840911727222102,0.0,0.0,0.0,0.0,-0.2753616110380899,0.10310393164150028,0.0,0.0,0.0,0.004190557589735938,-0.0036106597720367284,0.0,0.0,0.0,0.0,-0.25655557522874517,0.09551303192800731,0.0,0.0,0.0,0.00898447671815461,-0.006187686585334973,-0.3312172763134068,-0.00072306275626294,0.0010427236707662012,-5.739536680256827,-6.696037116359658,1e-05,3.8239742691588257,9.884430310413462,25.163847118745345,51.00174341017428,5.551926955725343,13.88851946725833,35.923895400444714,40.533023129412456,42.16464092830659
0.5258974185407105,-0.25927924438661343,0.41841325382208083,0.30343970336410564,0.22495532525645956,0.1668666137488728,0.07719462891131457,0.13307716983934625,0.10630498048502801,0.08234678650076432,0.063789813209425,0.03125372005641225,-0.8182022729191519,-0.6162373298208926,-0.17109978105316173,-0.042591936824997276,-0.04039167810295766,-0.9488523574893973,-0.8435381670564377,-0.5991100323811349,-0.4214393512402445,-0.09717955299467022,-0.9999995984718926,-0.9078285219599204,-0.8116595582592367,-0.5934893752056094,-0.09916153441097236,-0.9999987943669901,-0.647535021435783,-0.12508042900510222,-0.005508218776409033,0.03618826381594555,-0.0018452409045188745,-0.002214355754315278,-0.002161005596690302,-0.0020615708584692527,-0.0011574496916466614,-0.0019841014942123536,-0.0019107354587433178,-0.001771934710070866,-0.0016581898631962133,-0.0009363453346011852,-0.0036745900766632644,0.0,0.0,0.0,0.0,0.1193484825412483,0.0,0.0,0.0,0.0,0.009143555987768497,-0.007648560909948553,0.0,0.0,0.0,-0.2969772159583254,0.11786122666246693,0.0,0.0,0.0,0.0,0.019032066744199133,-0.015656886436649087,0.0,0.0,0.0,-0.29327644756986515,0.11120891612887568,0.0,0.0,0.0,0.0,0.0389593424188206,-0.015495226435291443,0.0,0.0,0.0,-0.2767233704403793,0.10931480609599475,0.0,0.0,0.0,0.0,0.03855708108346789,-0.012295356732749951,0.0,0.0,0.0,-0.2720102196818175,0.10606334921448024,-0.0010833215435823718,0.0,0.0,0.0,0.0,0.035185639624124576,0.0,0.0,0.0,0.0,0.0,-0.0019138159945697453,0.0,0.0,0.0,0.0,0.029491128095138208,0.0,0.0,0.0,0.0,0.0,-0.003402909676264443,0.0,0.0,0.0,0.0,0.02417044100977428,0.0,0.0,0.0,0.0,0.0,-0.003300282998275339,0.0,0.0,0.0,0.0,0.023282642015731714,0.0,0.0,0.0,0.0,0.0,-0.002567302315181763,0.0,0.0,0.0,0.0,0.022146310243997824,0.00999999993922529,0.0,0.0,0.0,0.0,0.00999999993922529,0.0,0.0,0.0,0.0,0.0,0.010000000050247593,0.0,0.0,0.0,0.0,0.010000000050247593,0.0,0.0,0.0,0.0,0.0,0.010000000050247593,0.0,0.0,0.0,0.0,0.00999999993922529,0.0,0.0,0.0,0.0,0.0,0.010000000050247593,0.0,0.0,0.0,0.0,0.00999999993922529,0.0,0.0,0.0,0.0,0.0,0.009999999980858654,0.0,0.0,0.0,0.0,0.009999999980858654,0.04015280818947531,0.0,0.0,0.0,0.0,-7.771561172376096e-10,0.0,0.0,0.0,0.0,0.0,0.031065217731551797,0.0,0.0,0.0,0.0,-0.00016168066885313692,0.0,0.0,0.0,0.0,0.0,0.02440380253432295,0.0,0.0,0.0,0.0,-0.000283894463493084,0.0,0.0,0.0,0.0,0.0,0.02016925138015324,0.0,0.0,0.0,0.0,-0.000534872701685174,0.0,0.0,0.0,0.0,0.0,0.01599791132900208,0.0,0.0,0.0,0.0,-0.0009985149096447543,0.12056329312670755,0.0,0.0,0.0,0.0,-2.4424906541753444e-09,0.0,0.0,0.0,0.0,0.0,0.11879381278667722,0.0,0.0,0.0,0.0,-0.0006182694356482443,0.0,0.0,0.0,0.0,0.0,0.1133657982488323,0.0,0.0,0.0,0.0,-0.0013188082848003546,0.0,0.0,0.0,0.0,-0.28209038317652396,0.10774373792633851,0.0,0.0,0.0,0.0032816168411137214,-0.002857280261350792,0.0,0.0,0.0,0.0,-0.268100898009882,0.09660410004580511,0.0,0.0,0.0,0.007109827344919939,-0.006029579162347698,-0.3833483437294711,-0.0007200055633290773,-0.0025583327304465266,-4.994795249099302,-6.589595234450456,1e-05,2.9237698172125706,7.480653905499851,18.84564415826485,48.93738011394569,5.114754251060268,12.722413477143668,32.608342856386656,39.0104207177107,41.344664586587285
0.36739040563238223,-0.25735789796135333,0.41857911986520335,0.3039345123356796,0.22512148434294943,0.16692462156964183,0.07726535339314111,0.1331331695442195,0.10647857967560626,0.08240711363294295,0.06381227107832288,0.031282516466113464,-0.8195328829735931,-0.6188714068358221,-0.17622960724899486,-0.045443523548339186,-0.040583962956756064,-0.9492304978562938,-0.8476311773132699,-0.6013830446410257,-0.42243897287519927,-0.10076935962299188,-0.9999995984419718,-0.9171655376477517,-0.8119228750245088,-0.5930277879467669,-0.10414270778918563,-0.9999987942771494,-0.6832398957009922,-0.12630364473707315,1.323322251518747e-06,-2.64491535105499e-05,-0.001847108521690899,-0.0022207683469943618,-0.0021641092251556415,-0.0020631041319774113,-0.0011591887449924343,-0.0019851684185390184,-0.0019143722163050825,-0.001773586888464962,-0.001659017201394164,-0.0009373798404155309,-0.0036480388154735977,0.0,0.0,0.0,0.0,0.11936624250141747,0.0,0.0,0.0,0.0,0.009077487893840639,-0.007612516084278741,0.0,0.0,0.0,-0.29702140852433756,0.11807800923415797,0.0,0.0,0.0,0.0,0.01894237619280622,-0.015567695514246967,0.0,0.0,0.0,-0.29381587147328486,0.11128579047974127,0.0,0.0,0.0,0.0,0.03873740705984119,-0.015450930312965738,0.0,0.0,0.0,-0.27691465831480855,0.10934203142909382,0.0,0.0,0.0,0.0,0.038446859029761526,-0.012308299268681822,0.0,0.0,0.0,-0.27207796282624486,0.10615699963523184,-0.0010754940271695546,0.0,0.0,0.0,0.0,0.03519087543590871,0.0,0.0,0.0,0.0,0.0,-0.001904796653739993,0.0,0.0,0.0,0.0,0.029545371482697647,0.0,0.0,0.0,0.0,0.0,-0.003383524210809341,0.0,0.0,0.0,0.0,0.02418714858953841,0.0,0.0,0.0,0.0,0.0,-0.0032908486977123452,0.0,0.0,0.0,0.0,0.023288440190172288,0.0,0.0,0.0,0.0,0.0,-0.0025700062217248743,0.0,0.0,0.0,0.0,0.02216586394987452,0.010000000050247593,0.0,0.0,0.0,0.0,0.010000000050247593,0.0,0.0,0.0,0.0,0.0,0.010000000161269895,0.0,0.0,0.0,0.0,0.00999999993922529,0.0,0.0,0.0,0.0,0.0,0.010000000050247593,0.0,0.0,0.0,0.0,0.010000000050247593,0.0,0.0,0.0,0.0,0.0,0.010000000050247593,0.0,0.0,0.0,0.0,0.00999999993922529,0.0,0.0,0.0,0.0,0.0,0.009999999966980866,0.0,0.0,0.0,0.0,0.009999999966980866,0.04015579968541516,0.0,0.0,0.0,0.0,-6.661338147750939e-10,0.0,0.0,0.0,0.0,0.0,0.03116426083860091,0.0,0.0,0.0,0.0,-0.00014561707395444046,0.0,0.0,0.0,0.0,0.0,0.024414000043826434,0.0,0.0,0.0,0.0,-0.00028363789095209313,0.0,0.0,0.0,0.0,0.0,0.020169422798588243,0.0,0.0,0.0,0.0,-0.0005355446086596771,0.0,0.0,0.0,0.0,0.0,0.01602462944283456,0.0,0.0,0.0,0.0,-0.000994238857909835,0.12057227505302137,0.0,0.0,0.0,0.0,-2.4424906541753444e-09,0.0,0.0,0.0,0.0,0.0,0.11917255482440936,0.0,0.0,0.0,0.0,-0.0005568422389856664,0.0,0.0,0.0,0.0,0.0,0.11341316938362489,0.0,0.0,0.0,0.0,-0.001317616432627844,0.0,0.0,0.0,0.0,-0.28220825746953687,0.10774465404532668,0.0,0.0,0.0,0.003278651376013798,-0.0028608678986441825,0.0,0.0,0.0,0.0,-0.2681031778629868,0.09676544484975032,0.0,0.0,0.0,0.007118754476174349,-0.006003754469868962,-0.38786172740646124,-1.6345527000353367e-05,3.393499116349636e-05,-4.949453261382555,-6.557201148167612,1.0000000165278545e-05,2.623149284630536,7.467378012573742,18.86535416012904,48.623470988231055,5.0769402143704605,12.613732984042484,32.3943175233237,38.890748552351035,41.299593049469756
-0.7123864370149903,-0.24388821197661964,0.41949630735782506,0.3067435241366212,0.22641091923514267,0.16772243038865042,0.07774927979209423,0.13344286198258004,0.10746484069290574,0.0828772277472467,0.06411820074880836,0.031478832984710436,-0.8270433809749708,-0.6348658574472708,-0.21060748373673902,-0.06114076323250657,-0.04302223799751147,-0.9513638194168776,-0.8702934832933092,-0.6185208677083541,-0.43667500038545304,-0.12181860992239336,-0.9999995982731176,-0.968184823810895,-0.8178917424943063,-0.6059439377455703,-0.1326206194057471,-0.9999987937701461,-0.8783383359801324,-0.15403151304670734,-6.81964600318628e-07,-0.00030295218654250854,-0.001857523995729693,-0.002257728781707158,-0.002187985848056684,-0.0020810417278305238,-0.001170990970855712,-0.001991094095155077,-0.0019352236757530505,-0.0017864385803978422,-0.0016690420712173193,-0.0009443796578079144,-0.00349807838251337,0.0,0.0,0.0,0.0,0.11946652100913724,0.0,0.0,0.0,0.0,0.008704338295387366,-0.007380004646349685,0.0,0.0,0.0,-0.29727093356119066,0.11928849005414174,0.0,0.0,0.0,0.0,0.018363813347353417,-0.01498206772141894,0.0,0.0,0.0,-0.2968279355506287,0.11188390348860958,0.0,0.0,0.0,0.0,0.03728017894388813,-0.015263969643797282,0.0,0.0,0.0,-0.2784029549118827,0.10979252174081466,0.0,0.0,0.0,0.0,0.03798164094348522,-0.012366305313094017,0.0,0.0,0.0,-0.27319892748067787,0.10670851846583673,-0.0010312833920167463,0.0,0.0,0.0,0.0,0.03522043900971994,0.0,0.0,0.0,0.0,0.0,-0.0018466183027143757,0.0,0.0,0.0,0.0,0.029848256422049246,0.0,0.0,0.0,0.0,0.0,-0.0032562419982617996,0.0,0.0,0.0,0.0,0.024317144048380257,0.0,0.0,0.0,0.0,0.0,-0.003251029029316399,0.0,0.0,0.0,0.0,0.023384388612990303,0.0,0.0,0.0,0.0,0.0,-0.0025821177002116613,0.0,0.0,0.0,0.0,0.022281022894754532,0.010000000050247593,0.0,0.0,0.0,0.0,0.010000000050247593,0.0,0.0,0.0,0.0,0.0,0.00999999993922529,0.0,0.0,0.0,0.0,0.00999999993922529,0.0,0.0,0.0,0.0,0.0,0.00999999993922529,0.0,0.0,0.0,0.0,0.00999999993922529,0.0,0.0,0.0,0.0,0.0,0.010000000050247593,0.0,0.0,0.0,0.0,0.00999999993922529,0.0,0.0,0.0,0.0,0.0,0.009999999980858654,0.0,0.0,0.0,0.0,0.009999999980858654,0.04017268540046359,0.0,0.0,0.0,0.0,-8.881784197001252e-10,0.0,0.0,0.0,0.0,0.0,0.03171250839706374,0.0,0.0,0.0,0.0,-5.659572810401414e-05,0.0,0.0,0.0,0.0,0.0,0.02451777092460361,0.0,0.0,0.0,0.0,-0.00027581559258749166,0.0,0.0,0.0,0.0,0.0,0.020278922430172486,0.0,0.0,0.0,0.0,-0.0005208382614085849,0.0,0.0,0.0,0.0,0.0,0.01617932937625355,0.0,0.0,0.0,0.0,-0.0009696342062603946,0.12062297682913226,0.0,0.0,0.0,0.0,-2.3314683517128287e-09,0.0,0.0,0.0,0.0,0.0,0.12126906090426104,0.0,0.0,0.0,0.0,-0.00021642254655063198,0.0,0.0,0.0,0.0,0.0,0.11389522849847289,0.0,0.0,0.0,0.0,-0.0012812777505644135,0.0,0.0,0.0,0.0,-0.28340777520905613,0.10832960016732067,0.0,0.0,0.0,0.003188229112027941,-0.002782307890171045,0.0,0.0,0.0,0.0,-0.26955871069793935,0.09769960584451141,0.0,0.0,0.0,0.006923272543527936,-0.005855180950872264,-0.413337079086198,-0.0005473041420704969,0.000918159679100081,-4.62956707621032,-6.385488308704754,1.0000000048341569e-05,0.9981729786485956,7.206794652877846,18.2067224336951,46.8355167848902,4.863608058312186,11.972478692020477,30.941118576286737,38.125777527759595,40.98262222287047
-1.5360273151173889,,0.42013038936694613,0.3086320097267503,0.22745221239794944,0.16843534234034507,0.07818160385753004,0.13365628648287498,0.10812826523043384,0.08325744005333036,0.06439155564308408,0.031654180832063616,,,,,,,,,,,,,,,,,,,,,,,,,,,,,,,,,,,,,,,,,,,,,,,,,,,,,,,,,,,,,,,,,,,,,,,,,,,,,,,,,,,,,,,,,,,,,,,,,,,,,,,,,,,,,,,,,,,,,,,,,,,,,,,,,,,,,,,,,,,,,,,,,,,,,,,,,,,,,,,,,,,,,,,,,,,,,,,,,,,,,,,,,,,,,,,,,,,,,,,,,,,,,,,,,,,,,,,,,,,,,,,,,,,,,,,,,,,,,,,,,,,,,,,,,,,,,,,,,,,,,,,,,,,,,,,,,,,,,,,,,,,,,,1e-05,1e-05,6.975754983731296,17.62303541056753,45.259266002357926,4.671873922389162,11.437505629400652,29.646522318427824,37.44997357763915,40.70203552649704
,-0.23290283470776693,,,,,,,,,,,-0.8337988915619232,-0.6490741935138391,-0.24142484793773775,-0.07508574830896336,-0.045209922961060585,-0.9532811607761085,-0.8856248437059935,-0.6337772269784088,-0.4492699101179332,-0.1403869847114504,-0.9999995981212189,-0.9999996793404802,-0.8232145283168028,-0.6174615115370753,-0.157963439957406,-0.9999987933140534,-0.9999987737936594,-0.17875806378238962,2.393335358907208e-07,-0.0002387170064056574,-0.0018650332667125014,-0.0022835108526297887,-0.0022079003347830195,-0.002097120421762355,-0.0011815772527068447,-0.001995279108601977,-0.001949572420167911,-0.0017970736010397559,-0.0016780152822803984,-0.0009506471443376796,-0.0033630545570595416,0.0,0.0,0.0,0.0,0.11955676976205254,0.0,0.0,0.0,0.0,0.00836835591539473,-0.007147161041709364,0.0,0.0,0.0,-0.2974955013661891,0.12010667578028897,0.0,0.0,0.0,0.0,0.017784423828135637,-0.014452249072558886,0.0,0.0,0.0,-0.29886384337235233,0.11242162636747452,0.0,0.0,0.0,0.0,0.03596181930021203,-0.015096160765892819,0.0,0.0,0.0,-0.27974098237848466,0.11019468715289804,0.0,0.0,0.0,0.0,0.0375640771821395,-0.01241741820479092,0.0,0.0,0.0,-0.2741996460997598,0.10720086152105068,-0.0009914765675134163,0.0,0.0,0.0,0.0,0.03524704539348278,0.0,0.0,0.0,0.0,0.0,-0.0017883561298503992,0.0,0.0,0.0,0.0,0.030052982324946242,0.0,0.0,0.0,0.0,0.0,-0.0031410898881922833,0.0,0.0,0.0,0.0,0.024434013840002322,0.0,0.0,0.0,0.0,0.0,-0.003215288160718366,0.0,0.0,0.0,0.0,0.02347004496305871,0.0,0.0,0.0,0.0,0.0,-0.002592790052102778,0.0,0.0,0.0,0.0,0.022383825355742903,0.010000000161269895,0.0,0.0,0.0,0.0,0.010000000161269895,0.0,0.0,0.0,0.0,0.0,0.00999999993922529,0.0,0.0,0.0,0.0,0.00999999993922529,0.0,0.0,0.0,0.0,0.0,0.00999999993922529,0.0,0.0,0.0,0.0,0.00999999993922529,0.0,0.0,0.0,0.0,0.0,0.009999999994736442,0.0,0.0,0.0,0.0,0.009999999994736442,0.0,0.0,0.0,0.0,0.0,0.009999999966980866,0.0,0.0,0.0,0.0,0.009999999966980866,0.04018787536086421,0.0,0.0,0.0,0.0,-8.881784197001252e-10,0.0,0.0,0.0,0.0,0.0,0.032065950228421514,0.0,0.0,0.0,0.0,-5.551115123125783e-10,0.0,0.0,0.0,0.0,0.0,0.024610815052561463,0.0,0.0,0.0,0.0,-0.00026877799985669526,0.0,0.0,0.0,0.0,0.0,0.020376908937969063,0.0,0.0,0.0,0.0,-0.0005075956321931585,0.0,0.0,0.0,0.0,0.0,0.016318131929038415,0.0,0.0,0.0,0.0,-0.0009473599404952182,0.1206685867893853,0.0,0.0,0.0,0.0,-2.3314683517128287e-09,0.0,0.0,0.0,0.0,0.0,0.12262062720758138,0.0,0.0,0.0,0.0,-2.220446049250313e-09,0.0,0.0,0.0,0.0,0.0,0.11432745680717282,0.0,0.0,0.0,0.0,-0.0012485853184696083,0.0,0.0,0.0,0.0,-0.2844832974083582,0.10885304223806189,0.0,0.0,0.0,0.003106879769332061,-0.002711566213333181,0.0,0.0,0.0,0.0,-0.27086120172036554,0.0985377702411507,0.0,0.0,0.0,0.006747244631121006,-0.005720675858153154,-0.43625153934532473,-0.0003123773566826364,0.00042227474950289246,-4.3422175602912505,-6.233046864301269,1e-05,9.99999999995449e-06,6.975754983731296,17.62303541056753,45.259266002357926,4.671873922389162,11.437505629400652,29.646522318427824,37.44997357763915,40.70203552649704
-1.9265955548148408,-0.2262967720681294,0.4202930175001285,0.3089745270745681,0.22805330823771897,0.16898137822352055,0.0785124756319533,0.13370954277114322,0.10824945073650838,0.08347796942587138,0.06460092771831683,0.03178842766793366,-0.8390338191952733,-0.6600557309778421,-0.26528934470571724,-0.08573209010399538,-0.046911066312524244,-0.9547659367162238,-0.889276517406102,-0.6455035413475414,-0.4588343226477629,-0.15445553469288967,-0.9999995980034987,-0.999999679130431,-0.8272757086474444,-0.6262491578282552,-0.17729101026920632,-0.9999987929605854,-0.9999987729904283,-0.1976239330548134,1.1279800424889797e-06,-0.00013883742986355233,-0.001867616977735409,-0.0022901422425114504,-0.0022205312866230287,-0.002109472457823003,-0.0011897069163158136,-0.0019965447073388987,-0.001952897565882239,-0.0018036865334636332,-0.0016848993589224648,-0.0009554531332778282,-0.0032583325482171688,0.0,0.0,0.0,0.0,0.1196267376268878,0.0,0.0,0.0,0.0,0.008107774019086626,-0.006929238345873476,0.0,0.0,0.0,-0.2976696036568449,0.1202636513854685,0.0,0.0,0.0,0.0,0.017242162124496765,-0.014038687620412287,0.0,0.0,0.0,-0.2992544490649184,0.11283819978047328,0.0,0.0,0.0,0.0,0.03493274736143803,-0.014966838435270802,0.0,0.0,0.0,-0.2807775487667641,0.1105023219594159,0.0,0.0,0.0,0.0,0.037242284811611626,-0.012455816822409815,0.0,0.0,0.0,-0.2749651359934546,0.10757755664059232,-0.0009606029305331276,0.0,0.0,0.0,0.0,0.03526767300421341,0.0,0.0,0.0,0.0,0.0,-0.0017338274149736321,0.0,0.0,0.0,0.0,0.030092260794312153,0.0,0.0,0.0,0.0,0.0,-0.0030512056770071183,0.0,0.0,0.0,0.0,0.024524553166038743,0.0,0.0,0.0,0.0,0.0,-0.0031877432637994474,0.0,0.0,0.0,0.0,0.02353556695366965,0.0,0.0,0.0,0.0,0.0,-0.0026008071044025804,0.0,0.0,0.0,0.0,0.022462480445128996,0.00999999993922529,0.0,0.0,0.0,0.0,0.00999999993922529,0.0,0.0,0.0,0.0,0.0,0.00999999993922529,0.0,0.0,0.0,0.0,0.00999999993922529,0.0,0.0,0.0,0.0,0.0,0.00999999993922529,0.0,0.0,0.0,0.0,0.00999999993922529,0.0,0.0,0.0,0.0,0.0,0.009999999994736442,0.0,0.0,0.0,0.0,0.009999999994736442,0.0,0.0,0.0,0.0,0.0,0.009999999966980866,0.0,0.0,0.0,0.0,0.009999999966980866,0.04019964749968352,0.0,0.0,0.0,0.0,-8.881784197001252e-10,0.0,0.0,0.0,0.0,0.0,0.03208695520395821,0.0,0.0,0.0,0.0,-5.551115123125783e-10,0.0,0.0,0.0,0.0,0.0,0.02468251791842846,0.0,0.0,0.0,0.0,-0.0002633745443958446,0.0,0.0,0.0,0.0,0.0,0.020451935367482577,0.0,0.0,0.0,0.0,-0.0004974124445666916,0.0,0.0,0.0,0.0,0.0,0.01642472485796631,0.0,0.0,0.0,0.0,-0.000930134247401071,0.12070393362595411,0.0,0.0,0.0,0.0,-2.3314683517128287e-09,0.0,0.0,0.0,0.0,0.0,0.12270095040012308,0.0,0.0,0.0,0.0,-2.220446049250313e-09,0.0,0.0,0.0,0.0,0.0,0.11466054680719928,0.0,0.0,0.0,0.0,-0.0012234844803948874,0.0,0.0,0.0,0.0,-0.28531213197652716,0.1092538304387408,0.0,0.0,0.0,0.0030444209848087844,-0.002657166118387719,0.0,0.0,0.0,0.0,-0.2718584909556089,0.0991814346264241,0.0,0.0,0.0,0.0066118797661604296,-0.005616658397302994,-0.454008234367828,-1.5727646258990174e-05,-0.0001723694020840058,-4.118982744962467,-6.116813193222624,1e-05,1e-05,6.800214236944771,17.179935547731404,44.06641908720494,4.5233963283776175,11.072338259389802,28.649431628301084,36.93663218749231,40.48802744350609
-3.9075718882938264,-0.1926312726092201,0.4211140502974331,0.31071533213022917,0.23112438363170895,0.17178164668507634,0.08021992492501795,0.13397852471896954,0.10886531054410398,0.08460473610583108,0.06567473764818033,0.03248110669318294,-0.8653768130032777,-0.715788545748124,-0.386672659541323,-0.13988957718960562,-0.055587003910306694,-0.9622244011299063,-0.9077359674882503,-0.7043657916536581,-0.5068886369006258,-0.22515182989469223,-0.9999995974109727,-0.999999678063834,-0.8479684574917205,-0.6710205840795905,-0.27643245033134534,-0.99999879118146,-0.9999987689117475,-0.29375034527971833,2.633616464869756e-05,-0.0036821825602203033,-0.0018806794455095144,-0.0023239635493776944,-0.002285461458972904,-0.0021732509958294344,-0.0012320245657004847,-0.0020029388148046223,-0.0019698330189221736,-0.0018375943544590712,-0.0017203428959167155,-0.0009803775569139361,-0.0027301645388888574,0.0,0.0,0.0,0.0,0.11997926230300493,0.0,0.0,0.0,0.0,0.006793523188821423,-0.005817526712041578,0.0,0.0,0.0,-0.29854679804605355,0.12106255547935904,0.0,0.0,0.0,0.0,0.014475868378126255,-0.011893852337047095,0.0,0.0,0.0,-0.30124237789495856,0.11497594135188166,0.0,0.0,0.0,0.0,0.02959570988281257,-0.01429320262147371,0.0,0.0,0.0,-0.2860969345874764,0.1120780175334346,0.0,0.0,0.0,0.0,0.03556606120724837,-0.012650644087841556,0.0,0.0,0.0,-0.27888597298186824,0.10952040518930062,-0.0008048915978164928,0.0,0.0,0.0,0.0,0.035371602202793895,0.0,0.0,0.0,0.0,0.0,-0.0014556561511724908,0.0,0.0,0.0,0.0,0.03029216177896643,0.0,0.0,0.0,0.0,0.0,-0.0025850416252026776,0.0,0.0,0.0,0.0,0.024989175728684643,0.0,0.0,0.0,0.0,0.0,-0.0030442681986375675,0.0,0.0,0.0,0.0,0.02387117006841244,0.0,0.0,0.0,0.0,0.0,-0.002641488375254575,0.0,0.0,0.0,0.0,0.02286815260071906,0.00999999993922529,0.0,0.0,0.0,0.0,0.00999999993922529,0.0,0.0,0.0,0.0,0.0,0.00999999993922529,0.0,0.0,0.0,0.0,0.00999999993922529,0.0,0.0,0.0,0.0,0.0,0.00999999993922529,0.0,0.0,0.0,0.0,0.00999999993922529,0.0,0.0,0.0,0.0,0.0,0.010000000050247593,0.0,0.0,0.0,0.0,0.010000000050247593,0.0,0.0,0.0,0.0,0.0,0.009999999966980866,0.0,0.0,0.0,0.0,0.009999999966980866,0.040258899991485464,0.0,0.0,0.0,0.0,-8.881784197001252e-10,0.0,0.0,0.0,0.0,0.0,0.03219361466300086,0.0,0.0,0.0,0.0,-6.661338147750939e-10,0.0,0.0,0.0,0.0,0.0,0.02504970841865628,0.0,0.0,0.0,0.0,-0.0002352742445310696,0.0,0.0,0.0,0.0,0.0,0.020837522707317646,0.0,0.0,0.0,0.0,-0.00044444903313234363,0.0,0.0,0.0,0.0,0.0,0.01698106588676751,0.0,0.0,0.0,0.0,-0.0008384754002221939,0.12088184608849417,0.0,0.0,0.0,0.0,-2.3314683517128287e-09,0.0,0.0,0.0,0.0,0.0,0.12310881825072784,0.0,0.0,0.0,0.0,-2.3314683517128287e-09,0.0,0.0,0.0,0.0,0.0,0.11636629987377134,0.0,0.0,0.0,0.0,-0.0010929461780051497,0.0,0.0,0.0,0.0,-0.2895565914107241,0.11131363102203144,0.0,0.0,0.0,0.002719599685029891,-0.0023742376318889127,0.0,0.0,0.0,0.0,-0.2769839341598517,0.10254092704716639,0.0,0.0,0.0,0.005907863471436153,-0.0050631723718178034,-0.5433627660424439,-0.0004091276192260112,-0.004422001147722179,-2.983561195184758,-5.525644230961331,1e-05,1e-05,5.917814367157056,14.95231178422302,38.07276864088905,3.777549887009376,9.226393251174972,23.64560646747713,34.358824525714404,39.41204836964172
-9.29618540504115,-0.09972040902228765,0.4231617491967654,0.3154251153603127,0.23968931195383902,0.17975646038337345,0.08515619143167896,0.13465045256566555,0.11053227844115554,0.08774752835449817,0.06873346336533359,0.03448385044180213,-0.9284731751003682,-0.86597608495896,-0.7174141889833743,-0.2911510771782235,-0.07982714382619677,-0.9799998999999999,-0.956877161354715,-0.8588787186315469,-0.6359198021651495,-0.41268904725915234,-0.9999995959908269,-0.9999996751849691,-0.9059854291298501,-0.79660287467079,-0.557105998952006,-0.9999987869173133,-0.9999987579029294,-0.5632632733924132,-0.00019734563224383674,-0.029232373404576083,-0.001913516775586821,-0.0024164006628968338,-0.0024696396455636815,-0.00235863466258035,-0.0013576353236066652,-0.002018991349106436,-0.0020159532237995492,-0.0019330980843834666,-0.0018224719788850763,-0.001053518577931456,-0.001457023945938829,0.0,0.0,0.0,0.0,0.12082657685485998,0.0,0.0,0.0,0.0,0.0,-0.002774198093469238,0.0,0.0,0.0,0.0,0.12323390480295515,0.0,0.0,0.0,0.0,0.0069030927224433825,-0.005700586856727252,0.0,0.0,0.0,-0.3066453899969179,0.12098704624957657,0.0,0.0,0.0,0.0,0.014184883961876338,-0.01227097790046372,0.0,0.0,0.0,-0.301054486936958,0.11657169034229309,0.0,0.0,0.0,0.0,0.030534119233038837,-0.013179565439003227,0.0,0.0,0.0,-0.2900676689954196,0.11511178055201299,-0.00042955128343180604,0.0,0.0,0.0,0.0,0.03562140293844607,0.0,0.0,0.0,0.0,0.0,-0.0006941573982288674,0.0,0.0,0.0,0.0,0.030835474507107108,0.0,0.0,0.0,0.0,0.0,-0.0012389805847945468,0.0,0.0,0.0,0.0,0.02629564521683392,0.0,0.0,0.0,0.0,0.0,-0.0026135590913689555,0.0,0.0,0.0,0.0,0.024828264721943327,0.0,0.0,0.0,0.0,0.0,-0.0027519281714516453,0.0,0.0,0.0,0.0,0.02403564622333043,0.00999999993922529,0.0,0.0,0.0,0.0,0.00999999993922529,0.0,0.0,0.0,0.0,0.0,0.00999999993922529,0.0,0.0,0.0,0.0,0.00999999993922529,0.0,0.0,0.0,0.0,0.0,0.00999999993922529,0.0,0.0,0.0,0.0,0.00999999993922529,0.0,0.0,0.0,0.0,0.0,0.00999999993922529,0.0,0.0,0.0,0.0,0.00999999993922529,0.0,0.0,0.0,0.0,0.0,0.010000000050247593,0.0,0.0,0.0,0.0,0.009999999994736442,0.0404009146137696,0.0,0.0,0.0,0.0,-7.771561172376096e-10,0.0,0.0,0.0,0.0,0.0,0.03248150115542359,0.0,0.0,0.0,0.0,-7.771561172376096e-10,0.0,0.0,0.0,0.0,0.0,0.026082765058887958,0.0,0.0,0.0,0.0,-0.00015134726805143828,0.0,0.0,0.0,0.0,0.0,0.02194868020666263,0.0,0.0,0.0,0.0,-0.0002862515779966657,0.0,0.0,0.0,0.0,0.0,0.018642547394698283,0.0,0.0,0.0,0.0,-0.0005487723608865736,0.1213082606588145,0.0,0.0,0.0,0.0,-2.3314683517128287e-09,0.0,0.0,0.0,0.0,0.0,0.1242096999698461,0.0,0.0,0.0,0.0,-2.3314683517128287e-09,0.0,0.0,0.0,0.0,0.0,0.12116527559058454,0.0,0.0,0.0,0.0,-0.0007030709348043729,0.0,0.0,0.0,0.0,-0.3014979784714972,0.11724941029555669,0.0,0.0,0.0,0.001749465774911153,-0.0015291511235417457,0.0,0.0,0.0,0.0,-0.29175405267048427,0.11257385805485409,0.0,0.0,0.0,0.003805017537161781,-0.003313785402331293,-0.7573834626516183,-0.46437372653382647,-0.03262383993270234,0.09285285515008541,-3.874553034895925,1e-05,1e-05,3.5483936709760964,8.960772541870107,22.18119379857779,2.0,4.312273864528499,10.56373446586921,27.44724724161494,36.54990147550698
-9.40508946171244,-0.09801362569261388,0.423166897078886,0.3154508902980524,0.2397835974221607,0.18002670287842193,0.08529169903681577,0.13465221471165023,0.11054136983545959,0.08778241600282399,0.06883720615746824,0.03453865993208183,-0.9284731751003682,-0.8670645222101431,-0.7126754858438947,-0.29938481970685626,-0.08066821905566073,-0.9799998999999999,-0.9572301208420733,-0.8580175387432388,-0.6418466338307212,-0.4168687404850145,-0.9999995959908269,-0.9999996751640815,-0.90835553998134,-0.801700892286909,-0.5634789775393302,-0.9999987869173133,-0.9999987578230543,-0.5742734226213551,-3.407950706289844e-05,4.979355246202187e-05,-0.001913607758363689,-0.0024167296774901814,-0.0024709950890988708,-0.0023649641689438283,-0.0013611982790928678,-0.00201903582741636,-0.0020161407543461962,-0.0019339226609016436,-0.0018259522227559444,-0.001055558668250356,-0.001457023945938829,0.0,0.0,0.0,0.0,0.12082657685485998,0.0,0.0,0.0,0.0,0.0,-0.0027518896050793273,0.0,0.0,0.0,0.0,0.12324973869271005,0.0,0.0,0.0,0.0,0.006847582054261462,-0.005796992460168549,0.0,0.0,0.0,-0.3066847897868836,0.1209652674498288,0.0,0.0,0.0,0.0,0.014424772219477135,-0.012150070357893446,0.0,0.0,0.0,-0.30100029410355716,0.11678464708519054,0.0,0.0,0.0,0.0,0.030233262116041715,-0.01318719977660976,0.0,0.0,0.0,-0.29059757400418107,0.11524381582361798,-0.00042955128343180604,0.0,0.0,0.0,0.0,0.03562140293844607,0.0,0.0,0.0,0.0,0.0,-0.000688575418905657,0.0,0.0,0.0,0.0,0.030839436560015088,0.0,0.0,0.0,0.0,0.0,-0.0012599337129159949,0.0,0.0,0.0,0.0,0.026290911669946126,0.0,0.0,0.0,0.0,0.0,-0.002587807912401985,0.0,0.0,0.0,0.0,0.024873621495835607,0.0,0.0,0.0,0.0,0.0,-0.0027535222157926142,0.0,0.0,0.0,0.0,0.024063216405578736,0.00999999993922529,0.0,0.0,0.0,0.0,0.00999999993922529,0.0,0.0,0.0,0.0,0.0,0.00999999993922529,0.0,0.0,0.0,0.0,0.00999999993922529,0.0,0.0,0.0,0.0,0.0,0.010000000050247593,0.0,0.0,0.0,0.0,0.010000000050247593,0.0,0.0,0.0,0.0,0.0,0.00999999993922529,0.0,0.0,0.0,0.0,0.010000000050247593,0.0,0.0,0.0,0.0,0.0,0.009999999994736442,0.0,0.0,0.0,0.0,0.00999999993922529,0.0404009146137696,0.0,0.0,0.0,0.0,-7.771561172376096e-10,0.0,0.0,0.0,0.0,0.0,0.03248359015106672,0.0,0.0,0.0,0.0,-5.551115123125783e-10,0.0,0.0,0.0,0.0,0.0,0.02609603177994302,0.0,0.0,0.0,0.0,-0.0001475525257532695,0.0,0.0,0.0,0.0,0.0,0.021997398236273114,0.0,0.0,0.0,0.0,-0.00027957469672657,0.0,0.0,0.0,0.0,0.0,0.018682045133111558,0.0,0.0,0.0,0.0,-0.0005416839199412493,0.1213082606588145,0.0,0.0,0.0,0.0,-2.3314683517128287e-09,0.0,0.0,0.0,0.0,0.0,0.12421768746939676,0.0,0.0,0.0,0.0,-2.220446049250313e-09,0.0,0.0,0.0,0.0,0.0,0.12122690540294911,0.0,0.0,0.0,0.0,-0.0006854425915747697,0.0,0.0,0.0,0.0,-0.30165133314336073,0.11750966238929025,0.0,0.0,0.0,0.001705600647404547,-0.0014934820048346262,0.0,0.0,0.0,0.0,-0.29240164316570344,0.11281236524193788,0.0,0.0,0.0,0.0037162612314103264,-0.0032709843516773047,-0.7573834626516183,-0.4687236635474776,3.1095495993587723e-06,-5.8184507445501e-05,-3.7823866214341906,1e-05,1e-05,3.458555866045552,8.724175117401963,21.837533068305692,2.0,4.276977915792674,10.739690259630562,27.091161499525924,36.47559288319286
-10.480277586868597,-0.07945325990487363,0.4232220085498284,0.31590903226685896,0.2411770907428945,0.1821875361684988,0.08663306161338369,0.13467100856701109,0.11070444294603021,0.08829526265685672,0.0696673705391504,0.03508253421102836,-0.928473175100274,-0.87868358326979,-0.7378753410559625,-0.3611322160209254,-0.08733932712913343,-0.9799998999999999,-0.9609951370843993,-0.8736268337432648,-0.6830501687104831,-0.46233624213535945,-0.9999995959908269,-0.9999996749410832,-0.9233720961499166,-0.8343544947397318,-0.6355897755527397,-0.9999987869173133,-0.9999987569703058,-0.6440315625102635,-0.11512501538363147,-0.0013446577410344911,-0.0019145818680454951,-0.0024252166386240503,-0.0024993235259174185,-0.0024169990314737433,-0.0013964885775541447,-0.0020195141670065198,-0.002020475994846116,-0.001948935374196381,-0.0018543287183536705,-0.0010758163526691789,-0.0014570238349165265,0.0,0.0,0.0,0.0,0.12082657696588228,0.0,0.0,0.0,0.0,0.0,-0.0025135232784023742,0.0,0.0,0.0,0.0,0.12341885691213861,0.0,0.0,0.0,0.0,0.00625445016822412,-0.005316237565997691,0.0,0.0,0.0,-0.3071056102459807,0.12165116725700466,0.0,0.0,0.0,0.0,0.013228500494229939,-0.01121308850654014,0.0,0.0,0.0,-0.30270703251086484,0.11827675294230101,0.0,0.0,0.0,0.0,0.02790175246403237,-0.013309836788266693,0.0,0.0,0.0,-0.2943104089325743,0.11670757471549109,-0.00042955150547641097,0.0,0.0,0.0,0.0,0.03562140271640146,0.0,0.0,0.0,0.0,0.0,-0.0006289315734875345,0.0,0.0,0.0,0.0,0.030881753265710188,0.0,0.0,0.0,0.0,0.0,-0.0011554451839757007,0.0,0.0,0.0,0.0,0.026439986977599972,0.0,0.0,0.0,0.0,0.0,-0.0023882431032795637,0.0,0.0,0.0,0.0,0.02519142106027772,0.0,0.0,0.0,0.0,0.0,-0.002779129038010808,0.0,0.0,0.0,0.0,0.024368852533096508,0.00999999993922529,0.0,0.0,0.0,0.0,0.00999999993922529,0.0,0.0,0.0,0.0,0.0,0.010000000050247593,0.0,0.0,0.0,0.0,0.010000000050247593,0.0,0.0,0.0,0.0,0.0,0.00999999993922529,0.0,0.0,0.0,0.0,0.00999999993922529,0.0,0.0,0.0,0.0,0.0,0.00999999993922529,0.0,0.0,0.0,0.0,0.00999999993922529,0.0,0.0,0.0,0.0,0.0,0.010000000050247593,0.0,0.0,0.0,0.0,0.00999999993922529,0.0404009147247919,0.0,0.0,0.0,0.0,-7.771561172376096e-10,0.0,0.0,0.0,0.0,0.0,0.03250588986869474,0.0,0.0,0.0,0.0,-5.551115123125783e-10,0.0,0.0,0.0,0.0,0.0,0.026269774799914103,0.0,0.0,0.0,0.0,-0.0001240204605679196,0.0,0.0,0.0,0.0,0.0,0.022322984016831526,0.0,0.0,0.0,0.0,-0.00023635882140382591,0.0,0.0,0.0,0.0,0.0,0.01913064051617397,0.0,0.0,0.0,0.0,-0.0004597422442742527,0.1213082606588145,0.0,0.0,0.0,0.0,-2.3314683517128287e-09,0.0,0.0,0.0,0.0,0.0,0.1243029623676506,0.0,0.0,0.0,0.0,-2.220446049250313e-09,0.0,0.0,0.0,0.0,0.0,0.12203401378307888,0.0,0.0,0.0,0.0,-0.0005761271459903128,0.0,0.0,0.0,0.0,0.0,0.1192489347268122,0.0,0.0,0.0,0.0,-0.001262624116371569,0.0,0.0,0.0,0.0,-0.29672950936708403,0.11552122959547668,0.0,0.0,0.0,0.0031418128411397905,-0.0027761748223626564,-0.7573834626516499,-0.5151592148087942,-0.0003956635610877198,-0.0014606728441295292,-3.0929434873678474,1e-05,1e-05,2.879930781112676,7.220120712739098,18.004190282880696,2.0,3.9004762915600653,9.757385844560837,24.47486241621259,35.76218550358336
-15.219203425894138,0.0029904320194670637,0.42345564565948735,0.3179963403709962,0.24769660988965825,0.19190651912026624,0.09270331347011052,0.13475069948754026,0.11144804901164207,0.0906940584854965,0.07340129926092231,0.0375441135957999,-0.928473175100274,-0.9280249140589589,-0.846219622430477,-0.6303310279170161,-0.11675941681394704,-0.9799998999999999,-0.9769262493299906,-0.9438697930330254,-0.854629344182491,-0.6512805483202702,-0.9999995959908269,-0.9999996739936714,-0.9999997286464237,-0.977774454498073,-0.9554540731232604,-0.9999987869173133,-0.9999987533473902,-0.9999987394499434,-0.8812715793093039,-0.7310074251327524,-0.001918717723332214,-0.002463525617443091,-0.0026315967491079284,-0.002655335138400383,-0.0015600834361341465,-0.002021543321628627,-0.0020401080425697105,-0.002018913123919691,-0.0019832182541167087,-0.001168734513681824,-0.0014570238349165265,0.0,0.0,0.0,0.0,0.12082657696588228,0.0,0.0,0.0,0.0,0.0,-0.0014966701211704958,0.0,0.0,0.0,0.0,0.12413881889106193,0.0,0.0,0.0,0.0,0.0,-0.0031965727842475644,0.0,0.0,0.0,0.0,0.12488132483667869,0.0,0.0,0.0,0.0,0.00795409604500974,-0.00682615650809959,0.0,0.0,0.0,-0.3107446982543449,0.12495586279581694,0.0,0.0,0.0,0.0,0.016985661585589007,-0.01381611972051111,0.0,0.0,0.0,-0.3109301726367253,0.12329125598231627,-0.00042955150547641097,0.0,0.0,0.0,0.0,0.03562140271640146,0.0,0.0,0.0,0.0,0.0,-0.000374495434662947,0.0,0.0,0.0,0.0,0.03106190138435494,0.0,0.0,0.0,0.0,0.0,-0.0006947517006139492,0.0,0.0,0.0,0.0,0.02714203783948932,0.0,0.0,0.0,0.0,0.0,-0.0014538833470467694,0.0,0.0,0.0,0.0,0.026613984682732905,0.0,0.0,0.0,0.0,0.0,-0.0028848423094807174,0.0,0.0,0.0,0.0,0.025743542977907374,0.00999999993922529,0.0,0.0,0.0,0.0,0.00999999993922529,0.0,0.0,0.0,0.0,0.0,0.00999999993922529,0.0,0.0,0.0,0.0,0.00999999993922529,0.0,0.0,0.0,0.0,0.0,0.010000000050247593,0.0,0.0,0.0,0.0,0.010000000050247593,0.0,0.0,0.0,0.0,0.0,0.00999999993922529,0.0,0.0,0.0,0.0,0.00999999993922529,0.0,0.0,0.0,0.0,0.0,0.010000000050247593,0.0,0.0,0.0,0.0,0.00999999993922529,0.0404009147247919,0.0,0.0,0.0,0.0,-7.771561172376096e-10,0.0,0.0,0.0,0.0,0.0,0.03260063097254573,0.0,0.0,0.0,0.0,-5.551115123125783e-10,0.0,0.0,0.0,0.0,0.0,0.027135356184260218,0.0,0.0,0.0,0.0,-5.551115123125783e-10,0.0,0.0,0.0,0.0,0.0,0.02379164054655547,0.0,0.0,0.0,0.0,-3.336508846984998e-05,0.0,0.0,0.0,0.0,0.0,0.021219817347706282,0.0,0.0,0.0,0.0,-6.028033627814011e-05,0.1213082606588145,0.0,0.0,0.0,0.0,-2.3314683517128287e-09,0.0,0.0,0.0,0.0,0.0,0.12466525389775995,0.0,0.0,0.0,0.0,-2.3314683517128287e-09,0.0,0.0,0.0,0.0,0.0,0.12605499943862952,0.0,0.0,0.0,0.0,-2.1094237467877974e-09,0.0,0.0,0.0,0.0,0.0,0.12709446917114064,0.0,0.0,0.0,0.0,-0.00017823609255174233,0.0,0.0,0.0,0.0,0.0,0.12813681793399923,0.0,0.0,0.0,0.0,-0.0003640054924147762,-0.7573834626516499,-0.7123517317572977,-0.2924519048829091,-0.024965759667754397,-0.0888030432137764,1e-05,1e-05,1.0000000000065512e-05,0.9307549267307014,2.0849648146025803,2.0,2.307365067000931,5.613010696697461,13.606310655020193,32.7869803533704
-15.097608891491944,5.040443910290799e-06,0.4234475952102912,0.31788667698151585,0.2474528564277989,0.19189642408434793,0.0924292233861479,0.13474794968715287,0.11140881994720075,0.0906050789950541,0.07339598440125883,0.037432021926520065,-0.928473175100274,-0.9263272658252272,-0.8252483074067762,-0.6207021332264204,-0.11595929019894953,-0.9799998999999999,-0.9763796575615714,-0.9361333832975034,-0.8550881652591041,-0.6402422290355914,-0.9999995959908269,-0.9999996740262798,-0.9999997289941553,-0.9869837921228349,-0.9350617147927492,-0.9999987869173133,-0.9999987534720851,-0.9999987410653008,-0.930467677182391,-0.6078672558840349,-0.0019185757860449594,-0.002461115366470557,-0.002624913628355127,-0.0026533918275876184,-0.001552429777367274,-0.0020214738057905,-0.002038928733957344,-0.0020157104831134637,-0.00198237110091534,-0.0011643963750917095,-0.0014570238349165265,0.0,0.0,0.0,0.0,0.12082657696588228,0.0,0.0,0.0,0.0,0.0,-0.0015317799251235442,0.0,0.0,0.0,0.0,0.12411399963330183,0.0,0.0,0.0,0.0,0.0,-0.003626703964920708,0.0,0.0,0.0,0.0,0.12456185841114298,0.0,0.0,0.0,0.0,0.009024400116075526,-0.0070127932627617184,0.0,0.0,0.0,-0.3099497636049886,0.12501335641679212,0.0,0.0,0.0,0.0,0.01745007333076032,-0.013770127010870326,0.0,0.0,0.0,-0.3110732352540335,0.1228811548903419,-0.00042955150547641097,0.0,0.0,0.0,0.0,0.03562140271640146,0.0,0.0,0.0,0.0,0.0,-0.00038328062945680585,0.0,0.0,0.0,0.0,0.031055691129822094,0.0,0.0,0.0,0.0,0.0,-0.0007882374752909982,0.0,0.0,0.0,0.0,0.027072604158462354,0.0,0.0,0.0,0.0,0.0,-0.0014936344383542632,0.0,0.0,0.0,0.0,0.02662623044269452,0.0,0.0,0.0,0.0,0.0,-0.0028752388941954976,0.0,0.0,0.0,0.0,0.025657912919307968,0.00999999993922529,0.0,0.0,0.0,0.0,0.00999999993922529,0.0,0.0,0.0,0.0,0.0,0.00999999993922529,0.0,0.0,0.0,0.0,0.00999999993922529,0.0,0.0,0.0,0.0,0.0,0.010000000161269895,0.0,0.0,0.0,0.0,0.010000000161269895,0.0,0.0,0.0,0.0,0.0,0.00999999993922529,0.0,0.0,0.0,0.0,0.00999999993922529,0.0,0.0,0.0,0.0,0.0,0.00999999993922529,0.0,0.0,0.0,0.0,0.00999999993922529,0.0404009147247919,0.0,0.0,0.0,0.0,-7.771561172376096e-10,0.0,0.0,0.0,0.0,0.0,0.0325973701365001,0.0,0.0,0.0,0.0,-5.551115123125783e-10,0.0,0.0,0.0,0.0,0.0,0.027100583110950538,0.0,0.0,0.0,0.0,-4.440892098500626e-10,0.0,0.0,0.0,0.0,0.0,0.02385189423748102,0.0,0.0,0.0,0.0,-1.9564683206851896e-05,0.0,0.0,0.0,0.0,0.0,0.02108303998049621,0.0,0.0,0.0,0.0,-8.750378199806619e-05,0.1213082606588145,0.0,0.0,0.0,0.0,-2.3314683517128287e-09,0.0,0.0,0.0,0.0,0.0,0.12465278442785888,0.0,0.0,0.0,0.0,-2.220446049250313e-09,0.0,0.0,0.0,0.0,0.0,0.1258934636538811,0.0,0.0,0.0,0.0,-2.220446049250313e-09,0.0,0.0,0.0,0.0,0.0,0.12741634314306083,0.0,0.0,0.0,0.0,-0.00010451439713676791,0.0,0.0,0.0,0.0,0.0,0.12731088128159485,0.0,0.0,0.0,0.0,-0.0005283959936264182,-0.7573834626516499,-0.7055670844292165,-0.19596226015938362,-0.21985405294404908,-0.19746507776425898,1e-05,1e-05,1e-05,0.5445394205645493,3.049569847957393,2.0,2.3620242438428556,6.386651670249672,13.94664405352503,32.92620724848347
-15.132547449232172,1.889046930227846e-06,0.4234597632546411,0.31788269616583875,0.24739467185952435,0.19217978497465538,0.09238718234882981,0.13475212412572546,0.11140700628686773,0.09058429206731944,0.07350378439241467,0.037414187303852486,-0.9284731750949318,-0.9288980872043935,-0.8128323271160046,-0.6185749651534135,-0.11547837908305937,-0.9799998999984234,-0.9772073423096067,-0.9315437233835664,-0.8600417515056938,-0.6362604252629691,-0.9999995959905202,-0.9999996739717331,-0.9999997291590776,-0.9999997603859404,-0.9278819281080415,-0.9999987869163924,-0.9999987532634982,-0.9999987418314336,-0.9999987199864736,-0.5645117923719044,-0.0019187908153817726,-0.002460913301481221,-0.0026227280183209545,-0.0026589101688170697,-0.0015510861792988023,-0.0020215793087500454,-0.0020388277014625703,-0.002014760062386635,-0.0019855227783029355,-0.0011636296904512578,-0.0014570240569611315,0.0,0.0,0.0,0.0,0.12082657674383768,0.0,0.0,0.0,0.0,0.0,-0.0014786080138051716,0.0,0.0,0.0,0.0,0.124151585678689,0.0,0.0,0.0,0.0,0.0,-0.00388070547918673,0.0,0.0,0.0,0.0,0.12437298452239176,0.0,0.0,0.0,0.0,0.00965643709438524,-0.007070392882280174,0.0,0.0,0.0,-0.3094797846325825,0.12525635595395102,0.0,0.0,0.0,0.0,0.017593399959103806,-0.013756811190202,0.0,0.0,0.0,-0.31167789543706803,0.12273431590492656,-0.0004295513944541085,0.0,0.0,0.0,0.0,0.03562140293844607,0.0,0.0,0.0,0.0,0.0,-0.00036997604979660537,0.0,0.0,0.0,0.0,0.031065095829063694,0.0,0.0,0.0,0.0,0.0,-0.0008434427600789718,0.0,0.0,0.0,0.0,0.027031553995193747,0.0,0.0,0.0,0.0,0.0,-0.0015059021807317663,0.0,0.0,0.0,0.0,0.02667798604250038,0.0,0.0,0.0,0.0,0.0,-0.002872458534919353,0.0,0.0,0.0,0.0,0.025627252153714863,0.00999999993922529,0.0,0.0,0.0,0.0,0.00999999993922529,0.0,0.0,0.0,0.0,0.0,0.00999999993922529,0.0,0.0,0.0,0.0,0.00999999993922529,0.0,0.0,0.0,0.0,0.0,0.00999999993922529,0.0,0.0,0.0,0.0,0.00999999993922529,0.0,0.0,0.0,0.0,0.0,0.010000000050247593,0.0,0.0,0.0,0.0,0.010000000050247593,0.0,0.0,0.0,0.0,0.0,0.00999999993922529,0.0,0.0,0.0,0.0,0.00999999993922529,0.0404009146137696,0.0,0.0,0.0,0.0,-7.771561172376096e-10,0.0,0.0,0.0,0.0,0.0,0.03260230807544673,0.0,0.0,0.0,0.0,-5.551115123125783e-10,0.0,0.0,0.0,0.0,0.0,0.02708000101936392,0.0,0.0,0.0,0.0,-4.440892098500626e-10,0.0,0.0,0.0,0.0,0.0,0.02395275411348763,0.0,0.0,0.0,0.0,-3.3306690738754696e-10,0.0,0.0,0.0,0.0,0.0,0.021034811892306493,0.0,0.0,0.0,0.0,-9.703171599539928e-05,0.1213082606588145,0.0,0.0,0.0,0.0,-2.55351295663786e-09,0.0,0.0,0.0,0.0,0.0,0.12467166754515091,0.0,0.0,0.0,0.0,-2.220446049250313e-09,0.0,0.0,0.0,0.0,0.0,0.12579785124700038,0.0,0.0,0.0,0.0,-2.1094237467877974e-09,0.0,0.0,0.0,0.0,0.0,0.12795513437691142,0.0,0.0,0.0,0.0,-1.887379141862766e-09,0.0,0.0,0.0,0.0,0.0,0.1270196536840018,0.0,0.0,0.0,0.0,-0.0005859307483646603,-0.7573834626335288,-0.7158413662589651,-0.13883596522761246,-0.3520152450256056,-0.2200135165092493,1.0000007590451716e-05,1.0000158456292615e-05,1.0001510293259396e-05,1.0003611640163612e-05,3.390757760132785,2.000000000150066,2.2792557688808666,6.84561766013307,13.995814845818979,32.9831997135703
-15.134780716150901,9.568274835423953e-09,0.42346749040689247,0.3179081584647747,0.24738933390722195,0.192170697133065,0.09238809006717474,0.13475473359392254,0.1114159005055626,0.09058229366587511,0.07350032937836204,0.03741456744421612,-0.928473175100274,-0.9305302634597601,-0.8122233632757511,-0.6177153242997568,-0.11480930435846987,-0.9799998999999999,-0.9777326970033831,-0.9313184361268635,-0.8597195073975628,-0.6362027320867041,-0.9999995959908269,-0.9999996739455471,-0.9999997292100703,-0.9999997604840805,-0.9282689590722322,-0.9999987869173133,-0.999998753163363,-0.9999987420683154,-0.9999987205107358,-0.5668488961861128,-0.0019189276115916913,-0.002461419581571949,-0.002622573116730165,-0.002658611988842866,-0.001551064944593025,-0.0020216463657156446,-0.002039074247573074,-0.002014683617445706,-0.0019853765941177798,-0.0011636258905564905,-0.0014570238349165265,0.0,0.0,0.0,0.0,0.12082657696588228,0.0,0.0,0.0,0.0,0.0,-0.0014448394702881728,0.0,0.0,0.0,0.0,0.12417545258713858,0.0,0.0,0.0,0.0,0.0,-0.003893150579692417,0.0,0.0,0.0,0.0,0.12436372642810056,0.0,0.0,0.0,0.0,0.009687404267655353,-0.007085898701131299,0.0,0.0,0.0,-0.309456747671355,0.12524422376980482,0.0,0.0,0.0,0.0,0.017631983317834,-0.01376769193095484,0.0,0.0,0.0,-0.3116477072795387,0.12273327801293199,-0.00042955150547641097,0.0,0.0,0.0,0.0,0.03562140271640146,0.0,0.0,0.0,0.0,0.0,-0.0003615263644007882,0.0,0.0,0.0,0.0,0.031071067940757757,0.0,0.0,0.0,0.0,0.0,-0.0008461475964338661,0.0,0.0,0.0,0.0,0.027029541715961614,0.0,0.0,0.0,0.0,0.0,-0.0015092047611631187,0.0,0.0,0.0,0.0,0.02667540222045517,0.0,0.0,0.0,0.0,0.0,-0.0028747312724730634,0.0,0.0,0.0,0.0,0.025627034869191156,0.00999999993922529,0.0,0.0,0.0,0.0,0.00999999993922529,0.0,0.0,0.0,0.0,0.0,0.00999999993922529,0.0,0.0,0.0,0.0,0.00999999993922529,0.0,0.0,0.0,0.0,0.0,0.00999999993922529,0.0,0.0,0.0,0.0,0.00999999993922529,0.0,0.0,0.0,0.0,0.0,0.00999999993922529,0.0,0.0,0.0,0.0,0.00999999993922529,0.0,0.0,0.0,0.0,0.0,0.010000000050247593,0.0,0.0,0.0,0.0,0.00999999993922529,0.0404009147247919,0.0,0.0,0.0,0.0,-7.771561172376096e-10,0.0,0.0,0.0,0.0,0.0,0.03260544323424597,0.0,0.0,0.0,0.0,-5.551115123125783e-10,0.0,0.0,0.0,0.0,0.0,0.027078991715612233,0.0,0.0,0.0,0.0,-4.440892098500626e-10,0.0,0.0,0.0,0.0,0.0,0.02395159104384703,0.0,0.0,0.0,0.0,-2.220446049250313e-10,0.0,0.0,0.0,0.0,0.0,0.021036635322602137,0.0,0.0,0.0,0.0,-9.651446308822642e-05,0.1213082606588145,0.0,0.0,0.0,0.0,-2.3314683517128287e-09,0.0,0.0,0.0,0.0,0.0,0.12468365673257154,0.0,0.0,0.0,0.0,-2.1094237467877974e-09,0.0,0.0,0.0,0.0,0.0,0.12579316233107818,0.0,0.0,0.0,0.0,-2.1094237467877974e-09,0.0,0.0,0.0,0.0,0.0,0.1279489210137541,0.0,0.0,0.0,0.0,-1.7763568394002505e-09,0.0,0.0,0.0,0.0,0.0,0.12703066543107155,0.0,0.0,0.0,0.0,-0.0005828064697510627,-0.7573834626516499,-0.7223643549735282,-0.13603410447023248,-0.354951053913233,-0.2268523278453518,1e-05,1e-05,1e-05,1e-05,3.3724696868692483,2.0,2.226720299661698,6.868146387313647,14.028039260243716,33.007257104460344
-15.145200546003633,1.797189358412765e-07,0.42350075801778075,0.31801858568769603,0.24736770676270226,0.1921313241837197,0.09239418297113389,0.13476608984319682,0.11145456824124267,0.09057415262248014,0.07348543107354999,0.03741713605620589,-0.9284731751001866,-0.9375776286864442,-0.8097309216426223,-0.613839644141962,-0.111761237127956,-0.9799998999999747,-0.9799998999997999,-0.9303961780178307,-0.8582662859761453,-0.6360082065165682,-0.9999995959908238,-0.9999996738100829,-0.9999997292507133,-0.9999997605350867,-0.9301611958031378,-0.9999987869173036,-0.9999987526453459,-0.999998742257119,-0.9999987207832095,-0.5782752524478946,-0.001919518383459338,-0.0024636183794766423,-0.002621939204881255,-0.002657308848476451,-0.0015510213575653322,-0.0020219362753305966,-0.0020401462649311114,-0.0020143688967534296,-0.0019847384353277164,-0.0011636393019496271,-0.001457023723894224,0.0,0.0,0.0,0.0,0.12082657685485998,0.0,0.0,0.0,0.0,0.0,-0.001298940732752385,0.0,0.0,0.0,0.0,0.12427854056973331,0.0,0.0,0.0,0.0,0.0,-0.0039440763294207315,0.0,0.0,0.0,0.0,0.12432583597343783,0.0,0.0,0.0,0.0,0.009814124124485346,-0.007155782189016691,0.0,0.0,0.0,-0.309362463923879,0.12518953645956898,0.0,0.0,0.0,0.0,0.017805875607290744,-0.0138176374786525,0.0,0.0,0.0,-0.3115116276042329,0.12273107463656174,-0.00042955150547641097,0.0,0.0,0.0,0.0,0.035621402827423765,0.0,0.0,0.0,0.0,0.0,-0.00032501967783815644,0.0,0.0,0.0,0.0,0.03109686252944499,0.0,0.0,0.0,0.0,0.0,-0.000857216075900169,0.0,0.0,0.0,0.0,0.027021306636676456,0.0,0.0,0.0,0.0,0.0,-0.0015240892992096633,0.0,0.0,0.0,0.0,0.026663754426614616,0.0,0.0,0.0,0.0,0.0,-0.002885159208765309,0.0,0.0,0.0,0.0,0.025626575417270203,0.010000000050247593,0.0,0.0,0.0,0.0,0.010000000050247593,0.0,0.0,0.0,0.0,0.0,0.00999999993922529,0.0,0.0,0.0,0.0,0.00999999993922529,0.0,0.0,0.0,0.0,0.0,0.010000000161269895,0.0,0.0,0.0,0.0,0.010000000161269895,0.0,0.0,0.0,0.0,0.0,0.00999999993922529,0.0,0.0,0.0,0.0,0.00999999993922529,0.0,0.0,0.0,0.0,0.0,0.00999999993922529,0.0,0.0,0.0,0.0,0.00999999993922529,0.0404009147247919,0.0,0.0,0.0,0.0,-6.661338147750939e-10,0.0,0.0,0.0,0.0,0.0,0.03261898129380825,0.0,0.0,0.0,0.0,-6.661338147750939e-10,0.0,0.0,0.0,0.0,0.0,0.0270748604647153,0.0,0.0,0.0,0.0,-4.440892098500626e-10,0.0,0.0,0.0,0.0,0.0,0.023946347238457122,0.0,0.0,0.0,0.0,-2.220446049250313e-10,0.0,0.0,0.0,0.0,0.0,0.02104580121287114,0.0,0.0,0.0,0.0,-9.398559708273524e-05,0.1213082606588145,0.0,0.0,0.0,0.0,-2.3314683517128287e-09,0.0,0.0,0.0,0.0,0.0,0.1247354258770983,0.0,0.0,0.0,0.0,-2.1094237467877974e-09,0.0,0.0,0.0,0.0,0.0,0.1257739709048522,0.0,0.0,0.0,0.0,-2.220446049250313e-09,0.0,0.0,0.0,0.0,0.0,0.12792090853253058,0.0,0.0,0.0,0.0,-1.9984014443252818e-09,0.0,0.0,0.0,0.0,0.0,0.12708601249133977,0.0,0.0,0.0,0.0,-0.0005675365732926707,-0.7573834626513534,-0.7505291341693519,-0.12456630631818719,-0.3652898206027563,-0.2575339144751442,1.000000007965841e-05,1.0000002606361146e-05,1.0000024723611058e-05,1.0000059789285508e-05,3.2830326122080153,2.0000000000024554,2.0000000000174047,6.960372198192216,14.173361402325678,33.116146736135164
-15.148940829456276,1.4146788773569865e-08,0.42350082551934065,0.31802226096999675,0.24737568971033852,0.19212336432872235,0.09240893383832827,0.1347661200412631,0.11145588985073118,0.09057707295312412,0.0734825054138355,0.03742318810395773,-0.928473175100274,-0.9375776286869847,-0.8106801438599759,-0.6119829879300801,-0.11018279884065833,-0.9799998999999999,-0.9799998999999999,-0.9307474442057686,-0.8575698910030102,-0.6363113969541128,-0.9999995959908269,-0.999999673810168,-0.9999997292356494,-0.9999997605616378,-0.9319048559688353,-0.9999987869173133,-0.999998752645671,-0.9999987421871412,-0.9999987209250457,-0.5888044224652239,-0.0019195183834593461,-0.0024637013065908746,-0.002622124505629755,-0.0026569722225087324,-0.0015513117142267325,-0.0020219360518073898,-0.002040186722633733,-0.002014459647180329,-0.001984584204306642,-0.0011638243791749076,-0.0014570238349165265,0.0,0.0,0.0,0.0,0.12082657696588228,0.0,0.0,0.0,0.0,0.0,-0.0012989408437746874,0.0,0.0,0.0,0.0,0.124278540458711,0.0,0.0,0.0,0.0,0.0,-0.00392468377241606,0.0,0.0,0.0,0.0,0.12434026591678915,0.0,0.0,0.0,0.0,0.009765869335431887,-0.007189247086536454,0.0,0.0,0.0,-0.30939837025734107,0.12516334413348318,0.0,0.0,0.0,0.0,0.017889147385652393,-0.013845684543323244,0.0,0.0,0.0,-0.31144645279423955,0.12274488847552334,-0.00042955150547641097,0.0,0.0,0.0,0.0,0.03562140271640146,0.0,0.0,0.0,0.0,0.0,-0.00032501967783815644,0.0,0.0,0.0,0.0,0.03109686252944499,0.0,0.0,0.0,0.0,0.0,-0.0008530011141871796,0.0,0.0,0.0,0.0,0.027024442794676418,0.0,0.0,0.0,0.0,0.0,-0.0015312168200054543,0.0,0.0,0.0,0.0,0.02665817577796048,0.0,0.0,0.0,0.0,0.0,-0.0028910162180872945,0.0,0.0,0.0,0.0,0.025629459221576667,0.00999999993922529,0.0,0.0,0.0,0.0,0.00999999993922529,0.0,0.0,0.0,0.0,0.0,0.00999999993922529,0.0,0.0,0.0,0.0,0.00999999993922529,0.0,0.0,0.0,0.0,0.0,0.00999999993922529,0.0,0.0,0.0,0.0,0.00999999993922529,0.0,0.0,0.0,0.0,0.0,0.010000000050247593,0.0,0.0,0.0,0.0,0.010000000050247593,0.0,0.0,0.0,0.0,0.0,0.00999999993922529,0.0,0.0,0.0,0.0,0.00999999993922529,0.0404009147247919,0.0,0.0,0.0,0.0,-7.771561172376096e-10,0.0,0.0,0.0,0.0,0.0,0.03261898140483055,0.0,0.0,0.0,0.0,-6.661338147750939e-10,0.0,0.0,0.0,0.0,0.0,0.027076433761763496,0.0,0.0,0.0,0.0,-4.440892098500626e-10,0.0,0.0,0.0,0.0,0.0,0.023943835136819303,0.0,0.0,0.0,0.0,-4.440892098500626e-10,0.0,0.0,0.0,0.0,0.0,0.02105562069143474,0.0,0.0,0.0,0.0,-9.166234438140464e-05,0.1213082606588145,0.0,0.0,0.0,0.0,-2.3314683517128287e-09,0.0,0.0,0.0,0.0,0.0,0.1247354258770983,0.0,0.0,0.0,0.0,-2.1094237467877974e-09,0.0,0.0,0.0,0.0,0.0,0.12578127972506792,0.0,0.0,0.0,0.0,-1.9984014443252818e-09,0.0,0.0,0.0,0.0,0.0,0.12790748982194344,0.0,0.0,0.0,0.0,-1.9984014443252818e-09,0.0,0.0,0.0,0.0,0.0,0.1271453088369512,0.0,0.0,0.0,0.0,-0.0005535064628858777,-0.7573834626516499,-0.7505291341715113,-0.1289337059978272,-0.3457051082545549,-0.2716656843149578,1e-05,1e-05,1e-05,1e-05,3.2004317346822906,2.0,2.0,6.925245579423141,14.243000899698991,33.16842856990643
-15.167695026820322,3.537365541228486e-07,0.42350077578134915,0.31804056099815625,0.24741555115781466,0.19208377999291315,0.09248293153518716,0.13476609872498102,0.11146245348925277,0.09059150762880108,0.07346785579898096,0.037453528278774684,-0.928473175098399,-0.9375776286751235,-0.8154281390679831,-0.6027104679379819,-0.10228136166924884,-0.9799998999994485,-0.9799998999956233,-0.9325038606242809,-0.8540897702140104,-0.6378297424021658,-0.9999995959907264,-0.9999996738083522,-0.9999997291425728,-0.9999997606564669,-0.9406378360892258,-0.9999987869170114,-0.9999987526387273,-0.9999987417547619,-0.9999987214316214,-0.6415389141135767,-0.001919518383459338,-0.002464115942162035,-0.002623052126988357,-0.002655292445518439,-0.0015527693091374293,-0.0020219360518073898,-0.0020403899052397465,-0.002014914963977321,-0.0019838130492013215,-0.0011647542357657234,-0.0014570238349165265,0.0,0.0,0.0,0.0,0.12082657674383768,0.0,0.0,0.0,0.0,0.0,-0.0012989408437746874,0.0,0.0,0.0,0.0,0.124278540458711,0.0,0.0,0.0,0.0,0.0,-0.0038276414260352,0.0,0.0,0.0,0.0,0.12441245633709741,0.0,0.0,0.0,0.0,0.009524396660243184,-0.007356236786382198,0.0,0.0,0.0,-0.30957800317699125,0.12503259294582847,0.0,0.0,0.0,0.0,0.018304671112190363,-0.01398628840520999,0.0,0.0,0.0,-0.31112110193687315,0.12281406430725283,-0.00042955150547641097,0.0,0.0,0.0,0.0,0.035621402827423765,0.0,0.0,0.0,0.0,0.0,-0.0003250197888604589,0.0,0.0,0.0,0.0,0.03109686241842269,0.0,0.0,0.0,0.0,0.0,-0.0008319096522768632,0.0,0.0,0.0,0.0,0.027040133021571933,0.0,0.0,0.0,0.0,0.0,-0.001566783480733136,0.0,0.0,0.0,0.0,0.026630327609744597,0.0,0.0,0.0,0.0,0.0,-0.0029203745532946357,0.0,0.0,0.0,0.0,0.02564390327863819,0.010000000050247593,0.0,0.0,0.0,0.0,0.010000000050247593,0.0,0.0,0.0,0.0,0.0,0.00999999993922529,0.0,0.0,0.0,0.0,0.00999999993922529,0.0,0.0,0.0,0.0,0.0,0.00999999993922529,0.0,0.0,0.0,0.0,0.00999999993922529,0.0,0.0,0.0,0.0,0.0,0.00999999993922529,0.0,0.0,0.0,0.0,0.00999999993922529,0.0,0.0,0.0,0.0,0.0,0.00999999993922529,0.0,0.0,0.0,0.0,0.00999999993922529,0.0404009147247919,0.0,0.0,0.0,0.0,-6.661338147750939e-10,0.0,0.0,0.0,0.0,0.0,0.03261898129380825,0.0,0.0,0.0,0.0,-5.551115123125783e-10,0.0,0.0,0.0,0.0,0.0,0.027084303688695854,0.0,0.0,0.0,0.0,-4.440892098500626e-10,0.0,0.0,0.0,0.0,0.0,0.023931290948908668,0.0,0.0,0.0,0.0,-4.440892098500626e-10,0.0,0.0,0.0,0.0,0.0,0.021104852754305625,0.0,0.0,0.0,0.0,-8.000788920270452e-05,0.1213082605477922,0.0,0.0,0.0,0.0,-2.4424906541753444e-09,0.0,0.0,0.0,0.0,0.0,0.12473542576607599,0.0,0.0,0.0,0.0,-2.4424906541753444e-09,0.0,0.0,0.0,0.0,0.0,0.12581783936926882,0.0,0.0,0.0,0.0,-2.220446049250313e-09,0.0,0.0,0.0,0.0,0.0,0.12784047909164542,0.0,0.0,0.0,0.0,-1.887379141862766e-09,0.0,0.0,0.0,0.0,0.0,0.1274425990294148,0.0,0.0,0.0,0.0,-0.000483130868644821,-0.7573834626452897,-0.7505291341241085,-0.15077937329393745,-0.24781050002770066,-0.34215453259986756,1.0000002488325842e-05,1.0000055665970266e-05,1.0000530775086437e-05,1.0001279193044742e-05,2.787222435350278,2.0000000000526694,2.000000000382007,6.749603937041127,14.591012977319766,33.42980332443314
-15.225897526511622,3.380275667355027e-06,0.4235007597941376,0.3180823480164463,0.2474922968787041,0.1919832701702262,0.09273817802579742,0.13476610405405154,0.11147748146811409,0.09061919570285681,0.07343117935931787,0.03755809352412598,-0.928473175100178,-0.9375776286863778,-0.8262814536713701,-0.5764168150283001,-0.07763539587736475,-0.9799998999999708,-0.9799998999997755,-0.9365149797784342,-0.8442015425696533,-0.6432451968990743,-0.9999995959908183,-0.9999996738100737,-0.9999997289762896,-0.9999997610411296,-0.9692057936126908,-0.9999987869172874,-0.9999987526453101,-0.999998740982307,-0.999998723486481,-0.8140478053125658,-0.001919518383459232,-0.00246506345708691,-0.0026247730322509475,-0.002650758053498903,-0.0015580145049930668,-0.002021936051807602,-0.002040854386488757,-0.0020157585406055754,-0.0019817774232462793,-0.0011680429328860837,-0.001457023723894224,0.0,0.0,0.0,0.0,0.12082657707690458,0.0,0.0,0.0,0.0,0.0,-0.0012989408437746874,0.0,0.0,0.0,0.0,0.1242785403476887,0.0,0.0,0.0,0.0,0.0,-0.0036055463337181237,0.0,0.0,0.0,0.0,0.12457758372108607,0.0,0.0,0.0,0.0,0.008971753055780256,-0.007828542513557496,0.0,0.0,0.0,-0.3099888934929036,0.12466234200997449,0.0,0.0,0.0,0.0,0.019479919011189395,-0.014430764694317588,0.0,0.0,0.0,-0.31019979895852146,0.12305522523181622,-0.00042955150547641097,0.0,0.0,0.0,0.0,0.035621402827423765,0.0,0.0,0.0,0.0,0.0,-0.00032501967783815644,0.0,0.0,0.0,0.0,0.03109686252944499,0.0,0.0,0.0,0.0,0.0,-0.0007836389315230008,0.0,0.0,0.0,0.0,0.027076022091065965,0.0,0.0,0.0,0.0,0.0,-0.0016673785685483722,0.0,0.0,0.0,0.0,0.026551468690350077,0.0,0.0,0.0,0.0,0.0,-0.0030131826617152413,0.0,0.0,0.0,0.0,0.025694258595776454,0.00999999993922529,0.0,0.0,0.0,0.0,0.00999999993922529,0.0,0.0,0.0,0.0,0.0,0.00999999993922529,0.0,0.0,0.0,0.0,0.00999999993922529,0.0,0.0,0.0,0.0,0.0,0.010000000050247593,0.0,0.0,0.0,0.0,0.010000000050247593,0.0,0.0,0.0,0.0,0.0,0.00999999993922529,0.0,0.0,0.0,0.0,0.00999999993922529,0.0,0.0,0.0,0.0,0.0,0.00999999993922529,0.0,0.0,0.0,0.0,0.00999999993922529,0.0404009147247919,0.0,0.0,0.0,0.0,-6.661338147750939e-10,0.0,0.0,0.0,0.0,0.0,0.03261898151585285,0.0,0.0,0.0,0.0,-5.551115123125783e-10,0.0,0.0,0.0,0.0,0.0,0.02710229596303293,0.0,0.0,0.0,0.0,-4.440892098500626e-10,0.0,0.0,0.0,0.0,0.0,0.023895729173162295,0.0,0.0,0.0,0.0,-2.220446049250313e-10,0.0,0.0,0.0,0.0,0.0,0.02126779885536223,0.0,0.0,0.0,0.0,-4.1678882567453e-05,0.1213082607698368,0.0,0.0,0.0,0.0,-2.4424906541753444e-09,0.0,0.0,0.0,0.0,0.0,0.12473542576607599,0.0,0.0,0.0,0.0,-2.220446049250313e-09,0.0,0.0,0.0,0.0,0.0,0.12590142028923168,0.0,0.0,0.0,0.0,-2.220446049250313e-09,0.0,0.0,0.0,0.0,0.0,0.1276505080527457,0.0,0.0,0.0,0.0,-1.9984014443252818e-09,0.0,0.0,0.0,0.0,0.0,0.12842655661149394,0.0,0.0,0.0,0.0,-0.00025168001016595554,-0.7573834626513244,-0.7505291341690863,-0.20071579687872812,-0.00010083344284028066,-0.5313075483008041,1.0000000213191973e-05,1.000000289205105e-05,1.0000027208934013e-05,1.0000065668391222e-05,1.441109763795876,2.000000000002698,2.0000000000195435,6.348492022129369,15.579835742969,34.23437054629669
-15.263754594167377,2.24339355364841e-06,0.4235008184139133,0.3180662648816224,0.24740609028128802,0.19198107814588639,0.09297854042245035,0.13476611293583574,0.1114717154138134,0.09058744510070937,0.07343214747379534,0.03765627454299647,-0.928473175100274,-0.9375776286869847,-0.8221003090833898,-0.5662030943314054,-0.061284787235122734,-0.9799998999999999,-0.9799998999999999,-0.9349703611433591,-0.8403525617946345,-0.6488433361010203,-0.9999995959908269,-0.999999673810168,-0.9999997290463437,-0.999999761180802,-0.9920259006592436,-0.9999987869173133,-0.999998752645671,-0.9999987413077377,-0.9999987242326082,-0.9518480439333503,-0.001919518383459232,-0.0024646984436703843,-0.00262252215343615,-0.0026497028003820435,-0.0015635133997019374,-0.002021936275330279,-0.0020406753443900413,-0.0020146474066838364,-0.0019814510793465436,-0.001171350182433245,-0.0014570238349165265,0.0,0.0,0.0,0.0,0.12082657696588228,0.0,0.0,0.0,0.0,0.0,-0.0012989408437746874,0.0,0.0,0.0,0.0,0.124278540458711,0.0,0.0,0.0,0.0,0.0,-0.003691150829432388,0.0,0.0,0.0,0.0,0.12451395201007465,0.0,0.0,0.0,0.0,0.009184764569000367,-0.008011517952611291,0.0,0.0,0.0,-0.30983055710715623,0.12451872538103978,0.0,0.0,0.0,0.0,0.01993522003029824,-0.014739026443777448,0.0,0.0,0.0,-0.3098424347092177,0.12329034893010515,-0.00042955150547641097,0.0,0.0,0.0,0.0,0.03562140271640146,0.0,0.0,0.0,0.0,0.0,-0.00032501967783815644,0.0,0.0,0.0,0.0,0.03109686252944499,0.0,0.0,0.0,0.0,0.0,-0.0008022443820365766,0.0,0.0,0.0,0.0,0.027062192264892815,0.0,0.0,0.0,0.0,0.0,-0.0017063502832925792,0.0,0.0,0.0,0.0,0.026520880158642512,0.0,0.0,0.0,0.0,0.0,-0.003077548174634792,0.0,0.0,0.0,0.0,0.025743352977114498,0.00999999993922529,0.0,0.0,0.0,0.0,0.00999999993922529,0.0,0.0,0.0,0.0,0.0,0.00999999993922529,0.0,0.0,0.0,0.0,0.00999999993922529,0.0,0.0,0.0,0.0,0.0,0.00999999993922529,0.0,0.0,0.0,0.0,0.00999999993922529,0.0,0.0,0.0,0.0,0.0,0.00999999993922529,0.0,0.0,0.0,0.0,0.00999999993922529,0.0,0.0,0.0,0.0,0.0,0.00999999993922529,0.0,0.0,0.0,0.0,0.00999999993922529,0.0404009147247919,0.0,0.0,0.0,0.0,-7.771561172376096e-10,0.0,0.0,0.0,0.0,0.0,0.03261898140483055,0.0,0.0,0.0,0.0,-6.661338147750939e-10,0.0,0.0,0.0,0.0,0.0,0.027095364285578682,0.0,0.0,0.0,0.0,-4.440892098500626e-10,0.0,0.0,0.0,0.0,0.0,0.023881918886914377,0.0,0.0,0.0,0.0,-2.220446049250313e-10,0.0,0.0,0.0,0.0,0.0,0.021402341898735244,0.0,0.0,0.0,0.0,-1.0831224805940565e-05,0.1213082606588145,0.0,0.0,0.0,0.0,-2.3314683517128287e-09,0.0,0.0,0.0,0.0,0.0,0.1247354258770983,0.0,0.0,0.0,0.0,-2.1094237467877974e-09,0.0,0.0,0.0,0.0,0.0,0.12586922004675927,0.0,0.0,0.0,0.0,-1.9984014443252818e-09,0.0,0.0,0.0,0.0,0.0,0.12757673362173705,0.0,0.0,0.0,0.0,-1.7763568394002505e-09,0.0,0.0,0.0,0.0,0.0,0.12923899950223472,0.0,0.0,0.0,0.0,-6.540479269290245e-05,-0.7573834626516499,-0.7505291341715113,-0.18147822616005785,-1.5417443292074775e-05,-0.5723275440578276,1e-05,1e-05,1e-05,1e-05,0.3721261425243787,2.0,2.0,6.5029538856640885,15.964733820536551,34.74354024737359
-15.276940945943451,2.641096204244357e-07,0.42350077578134915,0.3180607350827813,0.24737659209961294,0.19198071044002063,0.09306176806944677,0.13476611293583574,0.11146973299958063,0.09057656313871121,0.07343261998471462,0.037690291776470985,-0.9284731750972753,-0.9375776286680587,-0.8206683876864875,-0.5627085202067821,-0.055379963067594816,-0.9799998999991167,-0.9799998999930156,-0.9344411923679442,-0.8390346328661272,-0.6507178937423547,-0.9999995959906617,-0.9999996738072683,-0.9999997290471027,-0.9999997611792394,-0.9999997854201926,-0.9999987869168172,-0.9999987526345822,-0.9999987413112633,-0.9999987242242605,-0.9999987042502211,-0.001919518159936131,-0.002464573270667951,-0.0026217516689005472,-0.002649344492662463,-0.00156540686488977,-0.0020219360518073898,-0.00204061387550515,-0.002014266970165617,-0.0019813417764927474,-0.0011724910449428137,-0.001457023945938829,0.0,0.0,0.0,0.0,0.12082657685485998,0.0,0.0,0.0,0.0,0.0,-0.0012989408437746874,0.0,0.0,0.0,0.0,0.124278540458711,0.0,0.0,0.0,0.0,0.0,-0.003720455082900642,0.0,0.0,0.0,0.0,0.12449216524323958,0.0,0.0,0.0,0.0,0.009257682470293313,-0.008074060665399122,0.0,0.0,0.0,-0.3097763445702115,0.12446961394889335,0.0,0.0,0.0,0.0,0.020090846652998096,-0.014849988350107424,0.0,0.0,0.0,-0.30972022968533963,0.12336991839223543,-0.00042955150547641097,0.0,0.0,0.0,0.0,0.035621402827423765,0.0,0.0,0.0,0.0,0.0,-0.00032501989988276137,0.0,0.0,0.0,0.0,0.03109686241842269,0.0,0.0,0.0,0.0,0.0,-0.0008086133984619437,0.0,0.0,0.0,0.0,0.027057457052670486,0.0,0.0,0.0,0.0,0.0,-0.001719670517097427,0.0,0.0,0.0,0.0,0.02651042030343831,0.0,0.0,0.0,0.0,0.0,-0.0031007166972907285,0.0,0.0,0.0,0.0,0.02575996774223377,0.00999999993922529,0.0,0.0,0.0,0.0,0.00999999993922529,0.0,0.0,0.0,0.0,0.0,0.00999999993922529,0.0,0.0,0.0,0.0,0.00999999993922529,0.0,0.0,0.0,0.0,0.0,0.00999999993922529,0.0,0.0,0.0,0.0,0.00999999993922529,0.0,0.0,0.0,0.0,0.0,0.010000000161269895,0.0,0.0,0.0,0.0,0.010000000161269895,0.0,0.0,0.0,0.0,0.0,0.010000000050247593,0.0,0.0,0.0,0.0,0.010000000050247593,0.0404009146137696,0.0,0.0,0.0,0.0,-7.771561172376096e-10,0.0,0.0,0.0,0.0,0.0,0.03261898140483055,0.0,0.0,0.0,0.0,-5.551115123125783e-10,0.0,0.0,0.0,0.0,0.0,0.02709299040670743,0.0,0.0,0.0,0.0,-5.551115123125783e-10,0.0,0.0,0.0,0.0,0.0,0.023877194221810782,0.0,0.0,0.0,0.0,-2.220446049250313e-10,0.0,0.0,0.0,0.0,0.0,0.021449274023588316,0.0,0.0,0.0,0.0,-3.3306690738754696e-10,0.1213082606588145,0.0,0.0,0.0,0.0,-2.3314683517128287e-09,0.0,0.0,0.0,0.0,0.0,0.12473542565505369,0.0,0.0,0.0,0.0,-2.3314683517128287e-09,0.0,0.0,0.0,0.0,0.0,0.12585819275656718,0.0,0.0,0.0,0.0,-2.1094237467877974e-09,0.0,0.0,0.0,0.0,0.0,0.12755149447762903,0.0,0.0,0.0,0.0,-1.9984014443252818e-09,0.0,0.0,0.0,0.0,0.0,0.1295224024699948,0.0,0.0,0.0,0.0,-1.7763568394002505e-09,-0.7573834626414783,-0.7505291340958745,-0.174889913185741,-1.802270085412968e-06,-0.5848750718346041,1.000000408950404e-05,1.0000088897265386e-05,1.000084815267334e-05,1.0002044178891363e-05,1.0004058817070227e-05,2.0000000000842326,2.0000000006095373,6.555870762357429,16.09652671134311,34.92820062170572
-15.276997468613043,9.221003350877137e-11,0.4235008237429838,0.31806086653318744,0.24737727954970978,0.19198123979435877,0.09306093673444593,0.13476611648854941,0.1114697631976469,0.09057684557944867,0.0734328171603238,0.037689938281459945,-0.928473175100274,-0.9375776286869847,-0.8207035939928992,-0.5627939855143784,-0.05517624562069941,-0.9799998999999999,-0.9799998999999999,-0.9344542040320747,-0.8390668711151631,-0.6506388099846185,-0.9999995959908269,-0.999999673810168,-0.9999997290694981,-0.999999761226893,-0.9999997855095581,-0.9999987869173133,-0.999998752645671,-0.9999987414152991,-0.9999987244788262,-0.999998704789859,-0.0019195183834593466,-0.00246457639999302,-0.0026217704448509567,-0.002649359468718119,-0.0015653764657320112,-0.0020219362753306092,-0.0020406154401676575,-0.0020142763581407997,-0.001981349152758944,-0.0011724749512710532,-0.0014570238349165265,0.0,0.0,0.0,0.0,0.12082657696588228,0.0,0.0,0.0,0.0,0.0,-0.0012989408437746874,0.0,0.0,0.0,0.0,0.124278540458711,0.0,0.0,0.0,0.0,0.0,-0.0037197344926465092,0.0,0.0,0.0,0.0,0.12449270092584896,0.0,0.0,0.0,0.0,0.00925589003048842,-0.008072532225301606,0.0,0.0,0.0,-0.3097776771776902,0.12447081455651833,0.0,0.0,0.0,0.0,0.020087042695848822,-0.014852987617608449,0.0,0.0,0.0,-0.3097232179616327,0.12336728316686418,-0.00042955150547641097,0.0,0.0,0.0,0.0,0.03562140271640146,0.0,0.0,0.0,0.0,0.0,-0.00032501967783815644,0.0,0.0,0.0,0.0,0.03109686252944499,0.0,0.0,0.0,0.0,0.0,-0.000808456968037774,0.0,0.0,0.0,0.0,0.027057573404043467,0.0,0.0,0.0,0.0,0.0,-0.0017193451107289093,0.0,0.0,0.0,0.0,0.026510676209845485,0.0,0.0,0.0,0.0,0.0,-0.003101343820643976,0.0,0.0,0.0,0.0,0.025759417217330327,0.00999999993922529,0.0,0.0,0.0,0.0,0.00999999993922529,0.0,0.0,0.0,0.0,0.0,0.00999999993922529,0.0,0.0,0.0,0.0,0.00999999993922529,0.0,0.0,0.0,0.0,0.0,0.010000000050247593,0.0,0.0,0.0,0.0,0.010000000050247593,0.0,0.0,0.0,0.0,0.0,0.010000000050247593,0.0,0.0,0.0,0.0,0.010000000050247593,0.0,0.0,0.0,0.0,0.0,0.00999999993922529,0.0,0.0,0.0,0.0,0.00999999993922529,0.0404009147247919,0.0,0.0,0.0,0.0,-7.771561172376096e-10,0.0,0.0,0.0,0.0,0.0,0.03261898140483055,0.0,0.0,0.0,0.0,-6.661338147750939e-10,0.0,0.0,0.0,0.0,0.0,0.027093048915460827,0.0,0.0,0.0,0.0,-4.440892098500626e-10,0.0,0.0,0.0,0.0,0.0,0.02387730957398304,0.0,0.0,0.0,0.0,-4.440892098500626e-10,0.0,0.0,0.0,0.0,0.0,0.0214490434302661,0.0,0.0,0.0,0.0,-3.3306690738754696e-10,0.1213082606588145,0.0,0.0,0.0,0.0,-2.3314683517128287e-09,0.0,0.0,0.0,0.0,0.0,0.1247354258770983,0.0,0.0,0.0,0.0,-2.1094237467877974e-09,0.0,0.0,0.0,0.0,0.0,0.1258584638730298,0.0,0.0,0.0,0.0,-2.1094237467877974e-09,0.0,0.0,0.0,0.0,0.0,0.12755211176163073,0.0,0.0,0.0,0.0,-1.887379141862766e-09,0.0,0.0,0.0,0.0,0.0,0.1295210093621435,0.0,0.0,0.0,0.0,-1.7763568394002505e-09,-0.7573834626516499,-0.7505291341715113,-0.17505189844960548,-1.003865980193875e-09,-0.5829009380766675,1e-05,1e-05,1e-05,1e-05,1e-05,2.0,2.0,6.554569596792532,16.0933028884837,34.936109001538135
-15.277329626083398,,,,,,,,,,,,,,,,,,,,,,,,,,,,,,,,,,,,,,,,,,,,,,,,,,,,,,,,,,,,,,,,,,,,,,,,,,,,,,,,,,,,,,,,,,,,,,,,,,,,,,,,,,,,,,,,,,,,,,,,,,,,,,,,,,,,,,,,,,,,,,,,,,,,,,,,,,,,,,,,,,,,,,,,,,,,,,,,,,,,,,,,,,,,,,,,,,,,,,,,,,,,,,,,,,,,,,,,,,,,,,,,,,,,,,,,,,,,,,,,,,,,,,,,,,,,,,,,,,,,,,,,,,,,,,,,,,,,,,,,,,,,,,,,,,,,,,,,,1e-05,1e-05,1e-05,1e-05,1e-05,2.0,2.0,6.547936573398447,16.07679491034579,34.97540100360557
