year;aircraft_departures;total_aircraft_distance;passengers;rpk;ask;load_factor;freight_tonnes;rtk
1929;;90000000.0;;170000000.0;;;;
1930;;120000000.0;;270000000.0;;;;
1931;;135000000.0;;330000000.0;;;;
1932;;140000000.0;;405000000.0;;;;
1933;;155000000.0;;545000000.0;;;;
1934;;160000000.0;;650000000.0;;;;
1935;;200000000.0;;920000000.0;;;;
1936;;230000000.0;;1225000000.0;;;;
1937;;265000000.0;;1410000000.0;;;;
1938;;300000000.0;;1685000000.0;;;;
1939;;295000000.0;;2030000000.0;;;;
1940;;300000000.0;;2530000000.0;;;;
1941;;340000000.0;;3280000000.0;;;;
1942;;320000000.0;;3580000000.0;;;;
1943;;325000000.0;;4265000000.0;;;;
1944;;415000000.0;;5490000000.0;;;;
1945;;600000000.0;9000000.0;8000000000.0;;;;240000000.0
1946;;940000000.0;18000000.0;16000000000.0;;;;220000000.0
1947;;1140000000.0;21000000.0;19000000000.0;;;;400000000.0
1948;;1270000000.0;24000000.0;21000000000.0;;;;590000000.0
1949;;1350000000.0;27000000.0;24000000000.0;;;;760000000.0
1950;;1440000000.0;31000000.0;28000000000.0;46000000000.0;60.9;;930000000.0
1951;;1620000000.0;42000000.0;35000000000.0;55000000000.0;63.6;;1100000000.0
1952;;1780000000.0;46000000.0;40000000000.0;64000000000.0;62.5;;1200000000.0
1953;;1950000000.0;53000000.0;47000000000.0;75000000000.0;62.7;;1270000000.0
1954;;2060000000.0;59000000.0;52000000000.0;86000000000.0;60.5;;1370000000.0
1955;;2290000000.0;68000000.0;61000000000.0;99000000000.0;61.6;;1610000000.0
1956;;2540000000.0;77000000.0;71000000000.0;114000000000.0;62.3;;1800000000.0
1957;;2840000000.0;86000000.0;82000000000.0;133000000000.0;61.7;;1960000000.0
1958;;2930000000.0;88000000.0;85000000000.0;146000000000.0;58.2;;2040000000.0
1959;;3090000000.0;98000000.0;98000000000.0;162000000000.0;60.5;;2350000000.0
1960;6600000.0;3110000000.0;106000000.0;109000000000.0;184000000000.0;59.2;;2650000000.0
1961;6600000.0;3120000000.0;111000000.0;117000000000.0;212000000000.0;55.2;;3080000000.0
1962;6600000.0;3240000000.0;121000000.0;130000000000.0;243000000000.0;53.5;;3580000000.0
1963;6700000.0;3430000000.0;135000000.0;147000000000.0;274000000000.0;53.6;;3970000000.0
1964;7100000.0;3700000000.0;155000000.0;171000000000.0;306000000000.0;55.9;;4670000000.0
1965;7500000.0;4100000000.0;177000000.0;198000000000.0;354000000000.0;55.9;;5900000000.0
1966;7800000.0;4480000000.0;200000000.0;229000000000.0;397000000000.0;57.7;;7230000000.0
1967;8600000.0;5280000000.0;233000000.0;273000000000.0;479000000000.0;57.0;;8420000000.0
1968;9074000.0;5993000000.0;260000000.0;309422000000.0;578885000000.0;53.5;;10503000000.0
1969;9473000.0;6704000000.0;293000000.0;350899000000.0;674973000000.0;52.0;4000000.0;12286000000.0
1970;9486000.0;7004000000.0;383000000.0;460481000000.0;839930000000.0;54.8;6100000.0;15087000000.0
1971;9546000.0;7054000000.0;411000000.0;494137000000.0;914070000000.0;54.1;6700000.0;16125000000.0
1972;9646000.0;7209000000.0;450000000.0;560078000000.0;980766000000.0;57.1;7300000.0;17801000000.0
1973;9889000.0;7520000000.0;489000000.0;618184000000.0;1072599000000.0;57.6;8199999.999999999;20408000000.0
1974;9613000.0;7375000000.0;514000000.0;656426000000.0;1107532000000.0;59.3;8700000.0;21900000000.0
1975;9683000.0;7516000000.0;534000000.0;697285000000.0;1178880000000.0;59.1;8700000.0;22270000000.0
1976;9986000.0;7840000000.0;576000000.0;763762000000.0;1269815000000.0;60.1;9300000.0;24571000000.0
1977;10118000.0;8089000000.0;610000000.0;818300000000.0;1346260000000.0;60.8;10000000.0;26805000000.0
1978;10379000.0;8498000000.0;679000000.0;936352000000.0;1451184000000.0;64.5;10600000.0;29205000000.0
1979;10666000.0;9147000000.0;754000000.0;1060236000000.0;1607188000000.0;66.0;11000000.0;31436000000.0
1980;10691000.0;9350000000.0;748000000.0;1089128000000.0;1723903000000.0;63.2;11100000.0;33057000000.0
1981;10250000.0;9113000000.0;752000000.0;1119066000000.0;1756539000000.0;63.7;10900000.0;34675000000.0
1982;10379000.0;9140000000.0;766000000.0;1142193000000.0;1794646000000.0;63.6;11600000.0;35413000000.0
1983;10820000.0;9395000000.0;798000000.0;1189767000000.0;1852088000000.0;64.2;12300000.0;39112000000.0
1984;11453000.0;10102000000.0;848000000.0;1278176000000.0;1972296000000.0;64.8;13400000.0;43978000000.0
1985;11952000.0;10598000000.0;899000000.0;1367347000000.0;2081018000000.0;65.7;13700000.0;44236000000.0
1986;12698000.0;11491000000.0;960000000.0;1452055000000.0;2234730000000.0;65.0;14700000.0;47735000000.0
1987;13306000.0;12266000000.0;1028000000.0;1589467000000.0;2367532000000.0;67.1;16100000.000000002;53021000000.0
1988;13942000.0;13017000000.0;1082000000.0;1705432000000.0;2524094000000.0;67.6;17200000.0;58099000000.0
1989;13945000.0;13493000000.0;1109000000.0;1773703000000.0;2608046000000.0;68.0;18100000.0;62202000000.0
1990;14661000.0;14371000000.0;1165000000.0;1894245000000.0;2800844000000.0;67.6;18400000.0;64121000000.0
1991;14269000.0;14262000000.0;1135000000.0;1845418000000.0;2779494000000.0;66.4;17500000.0;63630000000.0
1992;14819000.0;15690000000.0;1146000000.0;1928922000000.0;2930185000000.0;65.8;17600000.0;67761000000.0
1993;15777000.0;17118000000.0;1142000000.0;1949421000000.0;3013411000000.0;64.7;18100000.0;73671000000.0
1994;17038000.0;18249000000.0;1233000000.0;2099936000000.0;3169342000000.0;66.3;20500000.0;82626000000.0
1995;17816000.0;19470000000.0;1304000000.0;2248215000000.0;3358601000000.0;66.9;22200000.0;88765000000.0
1996;18758000.0;20601000000.0;1391000000.0;2431695000000.0;3563774000000.0;68.2;23200000.0;94996000000.0
1997;19320000.0;21630000000.0;1457000000.0;2573010000000.0;3727900000000.0;69.0;26400000.0;108870000000.0
1998;19686000.0;22438000000.0;1471000000.0;2628116000000.0;3837725000000.0;68.5;26500000.0;107575000000.0
1999;20739000.0;23742000000.0;1562000000.0;2797803000000.0;4050783000000.0;69.1;28100000.0;114373000000.0
2000;24143000.0;25982000000.0;1774000000.0;3201366000000.0;4504515000000.0;71.1;29600000.0;133572000000.0
2001;24234000.0;26157000000.0;1741000000.0;3108527000000.0;4489445000000.0;69.2;28100000.0;124942000000.0
2002;23095000.0;25507000000.0;1739000000.0;3124069000000.0;4379359000000.0;71.3;30600000.0;134059000000.0
2003;23817000.0;26560000000.0;1795000000.0;3180302000000.0;4443204000000.0;71.6;32600000.0;140373000000.0
2004;26781000.0;30122000000.0;2003000000.0;3628725000000.0;4944363000000.0;73.4;35800000.0;154838000000.0
2005;28077000.0;31857000000.0;2145000000.0;3919023000000.0;5229355000000.0;74.9;36700000.0;158674000000.0
2006;28776000.0;33179000000.0;2263000000.0;4170556000000.0;5500959000000.0;75.8;39000000.0;169365000000.0
2007;29869000.0;34935000000.0;2462000000.0;4513096000000.0;5876065000000.0;76.8;41400000.0;177261000000.0
2008;29989000.0;35769000000.0;2500000000.0;4608466000000.0;6062667000000.0;76.0;39900000.0;176052000000.0
2009;29372000.0;34894000000.0;2488000000.0;4561413000000.0;5948503000000.0;76.7;40000000.0;160439000000.0
2010;30754000.0;38395000000.0;2708000000.0;4930250000000.0;6307072000000.0;78.2;48000000.0;193101000000.0
2011;31768000.0;40471000000.0;2883000000.0;5263525000000.0;6747537000000.0;78.0;49300000.0;195603000000.0
2012;32193000.0;41485000000.0;3016000000.0;5545088000000.0;7031359000000.0;78.9;48600000.0;193799000000.0
2013;32583000.0;42772000000.0;3146000000.0;5837777000000.0;7344775000000.0;79.5;50300000.0;199676000000.0
2014;33273000.0;44494000000.0;3327000000.0;6190282000000.0;7765176000000.0;79.7;51200000.0;204305000000.0
2015;34193000.0;46739000000.0;3567000000.0;6654454000000.0;8293327000000.0;80.2;51500000.0;207319000000.0
2016;35515000.0;49240000000.0;3806000000.0;7148283000000.0;8901086000000.0;80.3;53400000.0;214638000000.0
2017;36543000.0;51832000000.0;4075000000.0;7718470000000.0;9473126000000.0;81.5;57200000.0;234560000000.0
2018;37823000.0;54279000000.0;4341000000.0;8280851000000.0;10147668000000.0;81.6;58000000.0;235695000000.0
2019;38299000.0;56199000000.0;4490000000.0;8664032000000.0;10516737000000.0;82.4;58000000.0;231070000000.0
2020;20290000.0;28013000000.0;1781000000.0;2950654000000.0;4540414000000.0;65.0;49500000.0;197631000000.0
2021;24189000.0;33705000000.0;2279000000.0;3621985000000.0;5355569000000.0;67.6;57400000.0;236884000000.0
2022;29797000.0;42801000000.0;3273000000.0;5947702000000.0;7568363000000.0;78.6;54100000.0;222034000000.0
2023;35302000.0;53873000000.0;4325000000.0;8226592000000.0;10018223000000.0;82.1;56100000.0;222982000000.0
2024;37424000.0;58725000000.0;4669000000.0;9097611000000.0;10933133000000.0;83.2;60800000.0;247572000000.0
