year,observed,freeze-all|klower|splice2019,freeze-all|klower|splice2000,freeze-all|klower|splice2019|rescaled,freeze-all|endpoint|splice2019,freeze-all|endpoint|splice2000,freeze-all|endpoint|splice2019|rescaled,fuel-side|klower|splice2019,fuel-side|klower|splice2000,fuel-side|klower|splice2019|rescaled,fuel-side|endpoint|splice2019,fuel-side|endpoint|splice2000,fuel-side|endpoint|splice2019|rescaled,fuel-side-and-gauge|klower|splice2019,fuel-side-and-gauge|klower|splice2000,fuel-side-and-gauge|klower|splice2019|rescaled,fuel-side-and-gauge|endpoint|splice2019,fuel-side-and-gauge|endpoint|splice2000,fuel-side-and-gauge|endpoint|splice2019|rescaled,R0,R0_traffic_ratio,R1,R1_traffic_ratio,R2,R2_traffic_ratio
1990,457.28021248,457.28021248,457.28021248,495.4346702195242,441.0,441.0,441.0,457.28021248,457.28021248,495.4346702195242,441.0,441.0,441.0,457.28021248,457.28021248,495.4346702195242,441.0,441.0,441.0,457.28021248,1.0,457.28021248,1.0,457.28021248,1.0
1991,442.22587136,445.49313058997996,445.49313058997996,482.66410007531965,429.6325649533191,429.6325649533191,429.6325649533191,453.7945015527052,453.7945015527052,491.6581192194732,437.6383882858167,437.6383882858167,437.6383882858167,453.8118704606332,453.8118704606332,491.67693735097447,437.6551388212372,437.6551388212372,437.6551388212372,445.49313058997996,1.0,444.9015093450607,0.9986719857068598,448.1590981411191,0.9970554519623033
1992,443.25122816,465.6514136330552,465.6514136330552,504.50434603189404,449.0731674097068,449.0731674097068,449.0731674097068,478.3970900934535,478.3970900934535,518.3134937744468,461.36506888637854,461.36506888637854,461.36506888637854,499.25033287949344,499.25033287949344,540.9066853903232,481.47588894301026,481.47588894301026,481.47588894301026,465.6514136330552,1.0,461.45589505265815,0.9909900014097172,466.5042137152229,0.9884934208781732
1993,445.67001855999996,470.5999747091712,470.5999747091712,509.86580418795614,453.8455484902956,453.8455484902956,453.8455484902956,491.9849953690992,491.9849953690992,533.0351440568938,474.46921392266046,474.46921392266046,474.46921392266046,544.6887952983536,544.6887952983536,590.136433429672,525.2966390647833,525.2966390647833,525.2966390647833,470.5999747091712,1.0,465.91138841146125,0.9900370026568585,474.1708813582902,0.9859755231120614
1994,466.92908288,506.93504814551505,506.93504814551505,549.2325964392709,488.88701091991794,488.88701091991794,488.88701091991794,517.4430932896613,517.4430932896613,560.6174098175004,499.02094582918573,499.02094582918573,499.02094582918573,580.6768212057282,580.6768212057282,629.1272212675595,560.0034096444228,560.0034096444228,560.0034096444228,506.93504814551505,1.0,499.2421908726571,0.9848247673917986,503.150752959812,0.9829913452887618
1995,478.29739775999997,542.7303400039189,542.7303400039189,588.0145689219651,523.4079092197683,523.4079092197683,523.4079092197683,548.3424920900773,548.3424920900773,594.0949866661493,528.8202559657018,528.8202559657018,528.8202559657018,619.528615752947,619.528615752947,671.2207243180111,597.471992206527,597.471992206527,597.471992206527,542.7303400039189,1.0,529.8983134862312,0.976356533674541,532.1053905224742,0.9753469964252236
1996,499.94557183999996,587.023329234895,587.023329234895,636.0032680035929,566.1239675965886,566.1239675965886,566.1239675965886,581.8400924688057,581.8400924688057,630.3875533328221,561.1252658127336,561.1252658127336,561.1252658127336,655.5166416603215,655.5166416603215,710.2115121558986,632.1787627861665,632.1787627861665,632.1787627861665,587.023329234895,1.0,569.2085340753521,0.9696523216841109,567.2054774981472,0.9705281429145936
1997,515.16817664,621.1374766797139,621.1374766797139,672.9638250709586,599.0235740360935,599.0235740360935,599.0235740360935,608.636148283943,608.636148283943,659.4194132594905,586.9673212788717,586.9673212788717,586.9673212788717,688.259063109206,688.259063109206,745.6858894195469,663.7554797856794,663.7554797856794,663.7554797856794,621.1374766797139,1.0,599.0038727061934,0.9643660142810324,594.1341909998231,0.9664309281970684
1998,525.3270963199999,634.4403405589497,634.4403405589497,687.3766507282085,611.8528257960296,611.8528257960296,611.8528257960296,626.5667432530365,626.5667432530365,678.8460977363336,604.259546408154,604.259546408154,604.259546408154,713.9693415646956,713.9693415646956,773.541377105677,688.5504140282513,688.5504140282513,688.5504140282513,634.4403405589497,1.0,611.6204957517788,0.9640315355939277,608.415779914709,0.9653640315792815
1999,542.2717747199999,675.4036306376321,675.4036306376321,731.7578278650309,651.3577298607096,651.3577298607096,651.3577298607096,661.3516893302061,661.3516893302061,716.5334234023226,637.8060695276138,637.8060695276138,637.8060695276138,755.4621671908816,755.4621671908816,818.496273074382,728.5660009741841,728.5660009741841,728.5660009741841,675.4036306376321,1.0,646.8858095333405,0.9577766245091567,641.2915345049329,0.9600280868549298
2000,570.35603456,772.8257562808652,772.8257562808652,837.3086419454702,745.3114069193795,745.3114069193795,745.3114069193795,735.4303118343424,735.4303118343424,796.7930036531488,709.2473250920079,709.2473250920079,709.2473250920079,826.7381866714466,826.7381866714466,895.7194072537525,797.3044325377496,797.3044325377496,797.3044325377496,772.8257562808652,1.0,726.5607242443584,0.9401352353224459,712.3211956547791,0.945570793098921
2001,548.62635776,750.4139575713896,750.4139575713896,813.0268519190954,723.6975190643237,723.6975190643237,723.6975190643237,732.9699060416336,732.9699060416336,794.1273069987802,706.8745153246664,706.8745153246664,706.8745153246664,832.3066256933658,832.3066256933658,901.752464611516,802.6746225036533,802.6746225036533,802.6746225036533,750.4139575713896,1.0,703.9743553018384,0.938114687498822,697.6122065538063,0.9406381173882788
2002,549.7358463999999,754.1658740670721,754.1658740670721,817.0918200961537,727.31585882502,727.31585882502,727.31585882502,714.9966988686982,714.9966988686982,774.6544548492902,689.5411950826251,689.5411950826251,689.5411950826251,811.6238521833803,811.6238521833803,879.3439658541092,782.7282026302971,782.7282026302971,782.7282026302971,754.1658740670721,1.0,707.0122976055371,0.937475855003562,692.4197878109661,0.9432528974999433
2003,549.39143168,767.7408013802697,767.7408013802697,831.7994095634373,740.4074879437454,740.4074879437454,740.4074879437454,725.4203622950746,725.4203622950746,785.9478458843373,699.5937524546173,699.5937524546173,699.5937524546173,845.1299452695567,845.1299452695567,915.645733841108,815.041402825134,815.041402825134,815.041402825134,767.7408013802697,1.0,716.6691085552472,0.9334779488947259,700.7691921743791,0.9397729119173542
2004,583.9512140799999,875.9923552821773,875.9923552821773,949.0832356386544,844.8050410585747,844.8050410585747,844.8050410585747,807.2421610122699,807.2421610122699,874.5966759843167,778.5025096006775,778.5025096006775,778.5025096006775,958.4715441042765,958.4715441042765,1038.4443070316963,924.3477837311251,924.3477837311251,924.3477837311251,875.9923552821773,1.0,803.9682981642201,0.9177800391936565,778.765085541919,0.9271469573981667
2005,612.6506880000001,946.0717437047514,946.0717437047514,1025.0098944897468,912.3894443432607,912.3894443432607,912.3894443432607,853.7714223046162,853.7714223046162,925.0082367621403,823.3752236825757,823.3752236825757,823.3752236825757,1013.6786395501606,1013.6786395501606,1098.2577614072354,977.5893813930832,977.5893813930832,977.5893813930832,946.0717437047514,1.0,862.065314096914,0.9112050114942932,828.5509594701726,0.9230672139022229
2006,619.7940070399999,1006.7930673380364,1006.7930673380364,1090.7976721554276,970.9489511652399,970.9489511652399,970.9489511652399,898.1148897845678,898.1148897845678,973.0516258870982,866.139963168245,866.139963168245,866.139963168245,1055.7442189043156,1055.7442189043156,1143.8332004184533,1018.1573307355089,1018.1573307355089,1018.1573307355089,1006.7930673380364,1.0,905.6172292060708,0.8995068188148386,866.7249379688799,0.913089893606234
2007,637.79296256,1089.4839357224846,1089.4839357224846,1180.3880851891142,1050.695837127721,1050.695837127721,1050.695837127721,959.3566266976279,959.3566266976279,1039.4032389749264,925.2013553771649,925.2013553771649,925.2013553771649,1111.6195270328299,1111.6195270328299,1204.3706216769242,1072.0433511933754,1072.0433511933754,1072.0433511933754,1089.4839357224846,1.0,967.0388636054855,0.8876118608983432,921.2503307667481,0.903123883225967
2008,634.84308992,1112.5067304846289,1112.5067304846289,1205.3318514383777,1072.8989681904927,1072.8989681904927,1072.8989681904927,989.8222299976309,989.8222299976309,1072.410825378276,954.5823141167449,954.5823141167449,954.5823141167449,1138.1571164287188,1138.1571164287188,1233.1224493133504,1097.6361422308817,1097.6361422308817,1097.6361422308817,1112.5067304846289,1.0,980.6423777005577,0.8814709617742011,938.3416344898596,0.895851629028869
2009,602.02641408,1101.1479010629746,1101.1479010629746,1193.0252662089913,1061.9445388532106,1061.9445388532106,1061.9445388532106,971.1832275478097,971.1832275478097,1052.216625454631,936.6069024194136,936.6069024194136,936.6069024194136,1110.3149213191232,1110.3149213191232,1202.957162524534,1070.7851924013637,1070.7851924013637,1070.7851924013637,1101.1479010629746,1.0,959.1342002273907,0.8710312205122551,914.9593467071044,0.8868410391979351
2010,632.42429952,1190.1869967081977,1190.1869967081977,1289.4935886592332,1147.813640790922,1147.813640790922,1147.813640790922,1029.7250486948428,1029.7250486948428,1115.64304772804,993.0645019858299,993.0645019858299,993.0645019858299,1221.7155214090599,1221.7155214090599,1323.6527842932735,1178.2196785192402,1178.2196785192402,1178.2196785192402,1190.1869967081977,1.0,1028.2990170376102,0.863981054978474,973.9530799593632,0.8824775514667105
2011,651.1804416,1270.641247776181,1270.641247776181,1376.6607659343015,1225.4035380850946,1225.4035380850946,1225.4035380850946,1101.6376324695918,1101.6376324695918,1193.555859729795,1062.4168347112513,1062.4168347112513,1062.4168347112513,1287.7731180347978,1287.7731180347978,1395.2220818630828,1241.925474914759,1241.925474914759,1241.925474914759,1270.641247776181,1.0,1086.290584545501,0.8549152535750572,1030.443524508447,0.8733451813808646
2012,658.22911232,1338.611963531802,1338.611963531802,1450.3028090971554,1290.9543422313375,1290.9543422313375,1290.9543422313375,1147.9758735378193,1147.9758735378193,1243.760461975063,1107.1053293221614,1107.1053293221614,1107.1053293221614,1320.038244710375,1320.038244710375,1430.1793399246371,1273.0418899171943,1273.0418899171943,1273.0418899171943,1338.611963531802,1.0,1130.3297995389635,0.8444043758257579,1068.1698861428335,0.8646623744211862
2013,676.93793024,1409.2685513071735,1409.2685513071735,1526.854827548772,1359.0953952630205,1359.0953952630205,1359.0953952630205,1199.145783420209,1199.145783420209,1299.1998768805424,1156.4534743812937,1156.4534743812937,1156.4534743812937,1360.990136260146,1360.990136260146,1474.5481674643022,1312.5358012664392,1312.5358012664392,1312.5358012664392,1409.2685513071735,1.0,1181.506251128806,0.838382613471999,1113.7208023808216,0.8598417966952644
2014,698.2338022399999,1494.3650205074418,1494.3650205074418,1619.051559452899,1441.1622371974058,1441.1622371974058,1441.1622371974058,1267.782615249045,1267.782615249045,1373.5636153804226,1222.6466793580792,1222.6466793580792,1222.6466793580792,1415.7835762358304,1415.7835762358304,1533.9134518646933,1365.3784705309304,1365.3784705309304,1365.3784705309304,1494.3650205074418,1.0,1242.1240547377859,0.8312052528611769,1170.2902937879917,0.8532238075619145
2015,736.36655872,1606.4184617398414,1606.4184617398414,1740.4544939968132,1549.226321832709,1549.226321832709,1549.226321832709,1354.0112668631746,1354.0112668631746,1466.9869965152204,1305.8053954450872,1305.8053954450872,1305.8053954450872,1487.2186939741646,1487.2186939741646,1611.3089591114287,1434.2703360935216,1434.2703360935216,1434.2703360935216,1606.4184617398414,1.0,1327.2239648097068,0.8262006422487504,1247.919415995347,0.8492305278773639
2016,771.9806182399999,1725.6312510299206,1725.6312510299206,1869.6141368940296,1664.1948655005028,1664.1948655005028,1664.1948655005028,1453.2371304445207,1453.2371304445207,1574.4920484702554,1401.4985932811683,1401.4985932811683,1401.4985932811683,1566.7996425102776,1566.7996425102776,1697.5299674072348,1511.0180224062346,1511.0180224062346,1511.0180224062346,1725.6312510299206,1.0,1414.6451574765695,0.819784155295204,1330.0786057441833,0.8431809638658546
2017,817.5274747328,1863.2772432396578,1863.2772432396578,2018.7450087234179,1796.9403482654038,1796.9403482654038,1796.9403482654038,1546.631326175186,1546.631326175186,1675.6788510027693,1491.5677438657776,1491.5677438657776,1491.5677438657776,1649.2761793377886,1649.2761793377886,1786.888165529078,1590.5582075012178,1590.5582075012178,1590.5582075012178,1863.2772432396578,1.0,1517.8854164484903,0.8146320800920432,1419.6891604310683,0.8402658985685061
2018,860.03890336,1999.038828026586,1999.038828026586,2165.834242308686,1927.868512784777,1927.868512784777,1927.868512784777,1656.76052619014,1656.76052619014,1794.9969898634906,1597.7760946343317,1597.7760946343317,1597.7760946343317,1727.1388666899952,1727.1388666899952,1871.2475446973458,1665.6488066244522,1665.6488066244522,1665.6488066244522,1999.038828026586,1.0,1618.0032689858415,0.8093906162808775,1513.228955238654,0.8353635946646464
2019,938.07918,2091.5406369785956,2091.5406369785956,2266.054199267468,2017.077047583602,2017.077047583602,2017.077047583602,1717.0166313997772,1717.0166313997772,1860.2807323008594,1655.886945863461,1655.886945863461,1655.886945863461,1788.2325976733366,1788.2325976733366,1937.4388025653777,1724.5674622503655,1724.5674622503655,1724.5674622503655,2091.5406369785956,1.0,1716.031329123619,0.8204628199825794,1597.581214792764,0.8474443834306701
2020,510.8018659772679,712.302626151824,712.302626151824,771.7355946152267,686.9430374634749,686.9430374634749,686.9430374634749,741.2913674118112,741.2913674118112,803.1430928499092,714.8997138005544,714.8997138005544,714.8997138005544,891.3638989772625,891.3638989772625,965.73734721728,859.6293229420361,859.6293229420361,859.6293229420361,712.302626151824,1.0,665.2470722793354,0.9339388173721839,675.2117404710235,0.9296988035629798
2021,471.2992086167495,874.3652855883862,874.3652855883862,947.320406819109,843.23589873538,843.23589873538,843.23589873538,874.3777697977114,874.3777697977114,947.3339326834722,843.2479384785443,843.2479384785443,843.2479384785443,1072.4813556216268,1072.4813556216268,1161.9668471052164,1034.298587433025,1034.298587433025,1034.298587433025,874.3652855883862,1.0,758.5370402544893,0.86752876944794,758.5370402544893,0.86752876944794
2022,661.4348676034332,1435.8049958309093,1435.8049958309093,1555.6054147874243,1384.6870821884181,1384.6870821884181,1384.6870821884181,1235.6499115144472,1235.6499115144472,1338.7498293395308,1191.6579727396456,1191.6579727396456,1191.6579727396456,1361.9129061552069,1361.9129061552069,1475.5479312550174,1313.425718460789,1313.425718460789,1313.425718460789,1435.8049958309093,1.0,1188.132187722253,0.8275024750381743,1125.5861814937864,0.8477230141962709
2023,869.3180567929511,1985.94043418157,1985.94043418157,2151.6429472167415,1915.2364514621922,1915.2364514621922,1915.2364514621922,1635.6266690012094,1635.6266690012094,1772.0997699945633,1577.3946506838654,1577.3946506838654,1577.3946506838654,1714.2200881591427,1714.2200881591427,1857.250851627335,1653.1899659035557,1653.1899659035557,1653.1899659035557,1985.94043418157,1.0,1616.578345559014,0.8140114968882364,1507.86367161338,0.840699847331729
2024,923.3730183631043,2196.208775074177,2196.208775074177,2379.4556171828435,2118.0187626204633,2118.0187626204633,2118.0187626204633,1784.9995863075915,1784.9995863075915,1933.936035823915,1721.4495534203263,1721.4495534203263,1721.4495534203263,1868.609037498295,1868.609037498295,2024.5216761980068,1802.0823185582074,1802.0823185582074,1802.0823185582074,2196.208775074177,1.0,1764.0146008154682,0.8032089757750324,1638.5268897540184,0.8321557155530029
